date,datetime,flight_number,origin,destination,aircraft_type,hour,weekday,month
2026-01-26,2026-01-26 09:01:15.667087,PVT5506,KLAX,KSFO,Gulfstream G450,9,0,1
2026-01-26,2026-01-26 09:08:15.667087,PVT2679,KTEB,KPBI,Learjet 75,9,0,1
2026-01-26,2026-01-26 08:05:15.667087,PVT7912,KDAL,KHOU,Citation XLS,8,0,1
2026-01-26,2026-01-26 19:05:15.667087,PVT4582,KLAX,KLAS,Gulfstream G450,19,0,1
2026-01-26,2026-01-26 15:38:15.667087,PVT1434,KDAL,KHOU,Challenger 350,15,0,1
2026-01-26,2026-01-26 17:45:15.667087,PVT9928,KTEB,KPBI,King Air 350,17,0,1
2026-01-26,2026-01-26 07:28:15.667087,PVT5557,KTEB,KPBI,Citation XLS,7,0,1
2026-01-26,2026-01-26 21:44:15.667087,PVT7924,KLAX,KASE,Phenom 300,21,0,1
2026-01-26,2026-01-26 18:09:15.667087,PVT4527,KTEB,KMIA,Phenom 300,18,0,1
2026-01-26,2026-01-26 10:05:15.667087,PVT7224,KLAX,KSFO,Citation XLS,10,0,1
2026-01-26,2026-01-26 10:54:15.667087,PVT6635,KPDK,KBHM,Challenger 350,10,0,1
2026-01-26,2026-01-26 10:51:15.667087,PVT1711,KTEB,KMIA,Learjet 75,10,0,1
2026-01-26,2026-01-26 11:34:15.667087,PVT3045,KORD,KDEN,King Air 350,11,0,1
2026-01-26,2026-01-26 14:35:15.667087,PVT5803,KLAX,KSFO,Learjet 75,14,0,1
2026-01-26,2026-01-26 13:36:15.667087,PVT4150,KPDK,KBHM,Learjet 75,13,0,1
2026-01-26,2026-01-26 11:02:15.667087,PVT4733,KLAX,KSFO,Phenom 300,11,0,1
2026-01-26,2026-01-26 16:54:15.667087,PVT4814,KLAX,KSFO,Citation XLS,16,0,1
2026-01-26,2026-01-26 09:17:15.667087,PVT8428,KBOS,KJFK,Learjet 75,9,0,1
2026-01-27,2026-01-27 16:10:15.667087,PVT7065,KPDK,KBHM,Phenom 300,16,1,1
2026-01-27,2026-01-27 09:42:15.667087,PVT5374,KTEB,KPBI,Learjet 75,9,1,1
2026-01-27,2026-01-27 08:38:15.667087,PVT3803,KLAX,KSFO,Challenger 350,8,1,1
2026-01-27,2026-01-27 20:10:15.667087,PVT8573,KTEB,KPBI,King Air 350,20,1,1
2026-01-27,2026-01-27 21:59:15.667087,PVT4598,KTEB,KMIA,Learjet 75,21,1,1
2026-01-27,2026-01-27 18:53:15.667087,PVT1916,KPDK,KBHM,Gulfstream G450,18,1,1
2026-01-27,2026-01-27 11:51:15.667087,PVT6168,KLAX,KLAS,King Air 350,11,1,1
2026-01-28,2026-01-28 19:04:15.667087,PVT4456,KTEB,KMIA,Challenger 350,19,2,1
2026-01-28,2026-01-28 11:13:15.667087,PVT9179,KPDK,KBHM,King Air 350,11,2,1
2026-01-28,2026-01-28 16:09:15.667087,PVT5339,KORD,KDEN,Gulfstream G450,16,2,1
2026-01-28,2026-01-28 11:47:15.667087,PVT9830,KTEB,KPBI,Phenom 300,11,2,1
2026-01-28,2026-01-28 14:57:15.667087,PVT7543,KBOS,KJFK,Phenom 300,14,2,1
2026-01-29,2026-01-29 21:08:15.667087,PVT9348,KTEB,KPBI,King Air 350,21,3,1
2026-01-29,2026-01-29 18:48:15.667087,PVT1771,KLAX,KSFO,Citation XLS,18,3,1
2026-01-29,2026-01-29 20:40:15.667087,PVT3621,KLAX,KASE,Learjet 75,20,3,1
2026-01-29,2026-01-29 19:38:15.667087,PVT2040,KBOS,KJFK,King Air 350,19,3,1
2026-01-29,2026-01-29 15:38:15.667087,PVT8668,KBOS,KJFK,Challenger 350,15,3,1
2026-01-29,2026-01-29 20:35:15.667087,PVT1188,KTEB,KMIA,Learjet 75,20,3,1
2026-01-29,2026-01-29 08:43:15.667087,PVT9797,KLAX,KSFO,Phenom 300,8,3,1
2026-01-29,2026-01-29 10:07:15.667087,PVT5808,KPDK,KBHM,King Air 350,10,3,1
2026-01-29,2026-01-29 07:29:15.667087,PVT1053,KLAX,KASE,Learjet 75,7,3,1
2026-01-29,2026-01-29 11:32:15.667087,PVT3927,KTEB,KMIA,Challenger 350,11,3,1
2026-01-29,2026-01-29 12:55:15.667087,PVT5889,KLAX,KSFO,Learjet 75,12,3,1
2026-01-29,2026-01-29 11:38:15.667087,PVT4258,KDAL,KHOU,Gulfstream G450,11,3,1
2026-01-29,2026-01-29 18:48:15.667087,PVT3646,KPDK,KBHM,Challenger 350,18,3,1
2026-01-29,2026-01-29 12:58:15.667087,PVT1009,KDAL,KHOU,Challenger 350,12,3,1
2026-01-29,2026-01-29 11:31:15.667087,PVT1319,KPDK,KBHM,Citation XLS,11,3,1
2026-01-30,2026-01-30 18:56:15.667087,PVT6038,KPDK,KBHM,Gulfstream G450,18,4,1
2026-01-30,2026-01-30 08:15:15.667087,PVT2290,KLAX,KLAS,Citation XLS,8,4,1
2026-01-30,2026-01-30 21:52:15.667087,PVT2133,KORD,KDEN,Challenger 350,21,4,1
2026-01-30,2026-01-30 18:08:15.667087,PVT8787,KLAX,KASE,Challenger 350,18,4,1
2026-01-30,2026-01-30 10:16:15.667087,PVT9645,KLAX,KASE,Challenger 350,10,4,1
2026-01-30,2026-01-30 06:13:15.667087,PVT9835,KBOS,KJFK,Learjet 75,6,4,1
2026-01-30,2026-01-30 18:45:15.667087,PVT6107,KTEB,KPBI,King Air 350,18,4,1
2026-01-30,2026-01-30 17:28:15.667087,PVT9479,KPDK,KBHM,King Air 350,17,4,1
2026-01-30,2026-01-30 17:15:15.667087,PVT4681,KLAX,KSFO,Citation XLS,17,4,1
2026-01-30,2026-01-30 18:01:15.667087,PVT4770,KPDK,KBHM,Challenger 350,18,4,1
2026-01-30,2026-01-30 08:00:15.667087,PVT2163,KTEB,KPBI,Learjet 75,8,4,1
2026-01-30,2026-01-30 12:14:15.667087,PVT2104,KLAX,KLAS,Citation XLS,12,4,1
2026-01-30,2026-01-30 09:04:15.667087,PVT9423,KPDK,KBHM,Gulfstream G450,9,4,1
2026-01-30,2026-01-30 19:42:15.667087,PVT8953,KTEB,KMIA,Gulfstream G450,19,4,1
2026-01-30,2026-01-30 16:08:15.667087,PVT8744,KDAL,KHOU,Gulfstream G450,16,4,1
2026-01-31,2026-01-31 17:51:15.667087,PVT7669,KORD,KDEN,Gulfstream G450,17,5,1
2026-01-31,2026-01-31 16:06:15.667087,PVT8062,KLAX,KSFO,Phenom 300,16,5,1
2026-01-31,2026-01-31 19:26:15.667087,PVT8651,KBOS,KJFK,Learjet 75,19,5,1
2026-02-01,2026-02-01 07:43:15.667087,PVT2612,KLAX,KLAS,Citation XLS,7,6,2
2026-02-01,2026-02-01 09:46:15.667087,PVT6559,KBOS,KJFK,Citation XLS,9,6,2
2026-02-01,2026-02-01 07:12:15.667087,PVT4116,KTEB,KPBI,Challenger 350,7,6,2
2026-02-01,2026-02-01 16:08:15.667087,PVT7912,KORD,KDEN,Gulfstream G450,16,6,2
2026-02-01,2026-02-01 11:29:15.667087,PVT5092,KTEB,KMIA,Citation XLS,11,6,2
2026-02-01,2026-02-01 14:51:15.667087,PVT2604,KORD,KDEN,Citation XLS,14,6,2
2026-02-01,2026-02-01 19:53:15.667087,PVT1241,KDAL,KHOU,Citation XLS,19,6,2
2026-02-01,2026-02-01 10:10:15.667087,PVT7658,KTEB,KPBI,King Air 350,10,6,2
2026-02-02,2026-02-02 10:13:15.667087,PVT7570,KORD,KDEN,Citation XLS,10,0,2
2026-02-02,2026-02-02 08:24:15.667087,PVT1035,KLAX,KASE,King Air 350,8,0,2
2026-02-02,2026-02-02 11:59:15.667087,PVT8454,KTEB,KMIA,Phenom 300,11,0,2
2026-02-02,2026-02-02 09:44:15.667087,PVT8973,KBOS,KJFK,Gulfstream G450,9,0,2
2026-02-02,2026-02-02 20:18:15.667087,PVT4566,KTEB,KPBI,Citation XLS,20,0,2
2026-02-02,2026-02-02 18:03:15.667087,PVT6138,KDAL,KHOU,Citation XLS,18,0,2
2026-02-02,2026-02-02 16:37:15.667087,PVT8811,KLAX,KLAS,Challenger 350,16,0,2
2026-02-02,2026-02-02 19:10:15.667087,PVT1931,KDAL,KHOU,Challenger 350,19,0,2
2026-02-02,2026-02-02 18:54:15.667087,PVT4044,KLAX,KSFO,Citation XLS,18,0,2
2026-02-02,2026-02-02 10:43:15.667087,PVT4853,KLAX,KSFO,King Air 350,10,0,2
2026-02-02,2026-02-02 19:56:15.667087,PVT5033,KLAX,KSFO,Challenger 350,19,0,2
2026-02-02,2026-02-02 14:39:15.667087,PVT2343,KLAX,KLAS,King Air 350,14,0,2
2026-02-02,2026-02-02 18:20:15.667087,PVT5272,KDAL,KHOU,Gulfstream G450,18,0,2
2026-02-02,2026-02-02 19:15:15.667087,PVT5351,KPDK,KBHM,King Air 350,19,0,2
2026-02-03,2026-02-03 14:42:15.667087,PVT5915,KLAX,KASE,King Air 350,14,1,2
2026-02-03,2026-02-03 12:59:15.667087,PVT2188,KPDK,KBHM,Citation XLS,12,1,2
2026-02-03,2026-02-03 10:39:15.667087,PVT2638,KORD,KDEN,Citation XLS,10,1,2
2026-02-03,2026-02-03 09:13:15.667087,PVT9288,KDAL,KHOU,Phenom 300,9,1,2
2026-02-03,2026-02-03 11:59:15.667087,PVT6718,KLAX,KASE,Citation XLS,11,1,2
2026-02-03,2026-02-03 20:23:15.667087,PVT5669,KTEB,KPBI,Gulfstream G450,20,1,2
2026-02-04,2026-02-04 16:53:15.667087,PVT9900,KORD,KDEN,Learjet 75,16,2,2
2026-02-04,2026-02-04 14:39:15.667087,PVT9666,KTEB,KMIA,Citation XLS,14,2,2
2026-02-04,2026-02-04 07:19:15.667087,PVT2697,KDAL,KHOU,Gulfstream G450,7,2,2
2026-02-04,2026-02-04 11:07:15.667087,PVT2753,KTEB,KMIA,Learjet 75,11,2,2
2026-02-04,2026-02-04 19:09:15.667087,PVT5462,KDAL,KHOU,Phenom 300,19,2,2
2026-02-04,2026-02-04 10:45:15.667087,PVT6617,KTEB,KPBI,Gulfstream G450,10,2,2
2026-02-04,2026-02-04 09:32:15.667087,PVT9004,KTEB,KMIA,Phenom 300,9,2,2
2026-02-04,2026-02-04 13:05:15.667087,PVT7939,KLAX,KLAS,Phenom 300,13,2,2
2026-02-04,2026-02-04 21:00:15.667087,PVT6464,KLAX,KLAS,Gulfstream G450,21,2,2
2026-02-04,2026-02-04 10:10:15.667087,PVT8239,KTEB,KMIA,Challenger 350,10,2,2
2026-02-05,2026-02-05 10:35:15.667087,PVT1158,KBOS,KJFK,Citation XLS,10,3,2
2026-02-05,2026-02-05 17:56:15.667087,PVT3442,KLAX,KSFO,Challenger 350,17,3,2
2026-02-05,2026-02-05 12:53:15.667087,PVT7049,KLAX,KLAS,Challenger 350,12,3,2
2026-02-05,2026-02-05 16:09:15.667087,PVT8041,KDAL,KHOU,Gulfstream G450,16,3,2
2026-02-05,2026-02-05 16:19:15.667087,PVT6974,KLAX,KLAS,Citation XLS,16,3,2
2026-02-05,2026-02-05 14:13:15.667087,PVT5088,KPDK,KBHM,Learjet 75,14,3,2
2026-02-05,2026-02-05 08:22:15.667087,PVT7658,KLAX,KSFO,Challenger 350,8,3,2
2026-02-05,2026-02-05 18:59:15.667087,PVT4878,KLAX,KASE,Gulfstream G450,18,3,2
2026-02-05,2026-02-05 11:56:15.667087,PVT7755,KLAX,KASE,Citation XLS,11,3,2
2026-02-05,2026-02-05 10:47:15.667087,PVT6442,KLAX,KASE,King Air 350,10,3,2
2026-02-05,2026-02-05 07:17:15.667087,PVT3608,KTEB,KPBI,Learjet 75,7,3,2
2026-02-05,2026-02-05 15:24:15.667087,PVT1634,KLAX,KSFO,King Air 350,15,3,2
2026-02-05,2026-02-05 17:12:15.667087,PVT8541,KTEB,KPBI,Phenom 300,17,3,2
2026-02-05,2026-02-05 06:52:15.667087,PVT4728,KTEB,KMIA,Gulfstream G450,6,3,2
2026-02-05,2026-02-05 14:42:15.667087,PVT4164,KLAX,KLAS,King Air 350,14,3,2
2026-02-05,2026-02-05 10:17:15.667087,PVT2137,KPDK,KBHM,Phenom 300,10,3,2
2026-02-05,2026-02-05 16:41:15.667087,PVT9346,KPDK,KBHM,King Air 350,16,3,2
2026-02-06,2026-02-06 12:21:15.667087,PVT1452,KDAL,KHOU,Citation XLS,12,4,2
2026-02-06,2026-02-06 20:11:15.667087,PVT5349,KTEB,KMIA,Citation XLS,20,4,2
2026-02-06,2026-02-06 09:38:15.667087,PVT8119,KLAX,KSFO,Phenom 300,9,4,2
2026-02-06,2026-02-06 11:27:15.667087,PVT9379,KPDK,KBHM,Citation XLS,11,4,2
2026-02-06,2026-02-06 09:57:15.667087,PVT4114,KBOS,KJFK,Phenom 300,9,4,2
2026-02-06,2026-02-06 20:45:15.667087,PVT8144,KLAX,KLAS,Citation XLS,20,4,2
2026-02-06,2026-02-06 19:59:15.667087,PVT9821,KDAL,KHOU,Learjet 75,19,4,2
2026-02-06,2026-02-06 10:23:15.667087,PVT8066,KTEB,KPBI,Citation XLS,10,4,2
2026-02-06,2026-02-06 16:39:15.667087,PVT6143,KPDK,KBHM,Learjet 75,16,4,2
2026-02-06,2026-02-06 18:46:15.667087,PVT5920,KLAX,KSFO,Challenger 350,18,4,2
2026-02-06,2026-02-06 15:42:15.667087,PVT7691,KTEB,KMIA,Phenom 300,15,4,2
2026-02-07,2026-02-07 12:44:15.667087,PVT5844,KBOS,KJFK,Challenger 350,12,5,2
2026-02-07,2026-02-07 17:12:15.667087,PVT7888,KLAX,KASE,Learjet 75,17,5,2
2026-02-07,2026-02-07 19:43:15.667087,PVT3851,KBOS,KJFK,Challenger 350,19,5,2
2026-02-07,2026-02-07 19:25:15.667087,PVT9977,KTEB,KMIA,Citation XLS,19,5,2
2026-02-07,2026-02-07 18:18:15.667087,PVT4443,KTEB,KMIA,King Air 350,18,5,2
2026-02-07,2026-02-07 16:29:15.667087,PVT8238,KPDK,KBHM,King Air 350,16,5,2
2026-02-08,2026-02-08 08:32:15.667087,PVT8752,KTEB,KPBI,Learjet 75,8,6,2
2026-02-08,2026-02-08 16:42:15.667087,PVT2389,KLAX,KASE,Phenom 300,16,6,2
2026-02-08,2026-02-08 06:42:15.667087,PVT6491,KDAL,KHOU,Citation XLS,6,6,2
2026-02-08,2026-02-08 09:43:15.667087,PVT6085,KTEB,KPBI,Gulfstream G450,9,6,2
2026-02-09,2026-02-09 16:09:15.667087,PVT1400,KTEB,KPBI,Citation XLS,16,0,2
2026-02-09,2026-02-09 10:30:15.667087,PVT2193,KTEB,KPBI,King Air 350,10,0,2
2026-02-09,2026-02-09 17:56:15.667087,PVT4185,KBOS,KJFK,Learjet 75,17,0,2
2026-02-09,2026-02-09 10:31:15.667087,PVT7547,KBOS,KJFK,Gulfstream G450,10,0,2
2026-02-09,2026-02-09 11:41:15.667087,PVT1090,KLAX,KASE,Citation XLS,11,0,2
2026-02-09,2026-02-09 17:14:15.667087,PVT3881,KBOS,KJFK,Learjet 75,17,0,2
2026-02-09,2026-02-09 16:29:15.667087,PVT1822,KDAL,KHOU,Challenger 350,16,0,2
2026-02-09,2026-02-09 19:58:15.667087,PVT2988,KTEB,KPBI,King Air 350,19,0,2
2026-02-09,2026-02-09 16:51:15.667087,PVT8612,KLAX,KASE,Learjet 75,16,0,2
2026-02-09,2026-02-09 15:35:15.667087,PVT6198,KDAL,KHOU,King Air 350,15,0,2
2026-02-09,2026-02-09 08:27:15.667087,PVT9976,KDAL,KHOU,King Air 350,8,0,2
2026-02-09,2026-02-09 12:47:15.667087,PVT8777,KLAX,KASE,King Air 350,12,0,2
2026-02-09,2026-02-09 11:48:15.667087,PVT5050,KTEB,KMIA,Learjet 75,11,0,2
2026-02-09,2026-02-09 10:49:15.667087,PVT9540,KTEB,KMIA,King Air 350,10,0,2
2026-02-09,2026-02-09 21:17:15.667087,PVT8206,KTEB,KPBI,Citation XLS,21,0,2
2026-02-10,2026-02-10 16:15:15.667087,PVT5451,KTEB,KMIA,Phenom 300,16,1,2
2026-02-10,2026-02-10 10:57:15.667087,PVT9849,KPDK,KBHM,Citation XLS,10,1,2
2026-02-10,2026-02-10 20:09:15.667087,PVT4788,KLAX,KASE,King Air 350,20,1,2
2026-02-10,2026-02-10 20:45:15.667087,PVT4505,KLAX,KASE,Citation XLS,20,1,2
2026-02-10,2026-02-10 20:26:15.667087,PVT6421,KBOS,KJFK,Challenger 350,20,1,2
2026-02-10,2026-02-10 12:26:15.667087,PVT2020,KORD,KDEN,Gulfstream G450,12,1,2
2026-02-10,2026-02-10 06:24:15.667087,PVT1320,KBOS,KJFK,Challenger 350,6,1,2
2026-02-10,2026-02-10 20:30:15.667087,PVT1096,KBOS,KJFK,Phenom 300,20,1,2
2026-02-10,2026-02-10 12:48:15.667087,PVT7389,KTEB,KMIA,King Air 350,12,1,2
2026-02-10,2026-02-10 21:47:15.667087,PVT9947,KDAL,KHOU,Challenger 350,21,1,2
2026-02-11,2026-02-11 16:31:15.667087,PVT4595,KTEB,KPBI,Phenom 300,16,2,2
2026-02-11,2026-02-11 21:31:15.667087,PVT1475,KBOS,KJFK,King Air 350,21,2,2
2026-02-11,2026-02-11 09:42:15.667087,PVT7624,KPDK,KBHM,Learjet 75,9,2,2
2026-02-11,2026-02-11 14:53:15.667087,PVT8657,KLAX,KASE,Gulfstream G450,14,2,2
2026-02-11,2026-02-11 19:01:15.667087,PVT7455,KDAL,KHOU,Challenger 350,19,2,2
2026-02-11,2026-02-11 17:05:15.667087,PVT8022,KLAX,KLAS,Gulfstream G450,17,2,2
2026-02-11,2026-02-11 17:11:15.667087,PVT1823,KORD,KDEN,Phenom 300,17,2,2
2026-02-11,2026-02-11 17:20:15.667087,PVT4467,KBOS,KJFK,King Air 350,17,2,2
2026-02-11,2026-02-11 12:21:15.667087,PVT7211,KPDK,KBHM,Phenom 300,12,2,2
2026-02-11,2026-02-11 11:16:15.667087,PVT2341,KBOS,KJFK,King Air 350,11,2,2
2026-02-11,2026-02-11 18:47:15.667087,PVT9837,KLAX,KLAS,Citation XLS,18,2,2
2026-02-12,2026-02-12 14:14:15.667087,PVT2124,KPDK,KBHM,Learjet 75,14,3,2
2026-02-12,2026-02-12 18:48:15.667087,PVT1508,KLAX,KLAS,Gulfstream G450,18,3,2
2026-02-12,2026-02-12 16:53:15.667087,PVT1333,KTEB,KPBI,Challenger 350,16,3,2
2026-02-12,2026-02-12 17:15:15.667087,PVT3068,KLAX,KASE,King Air 350,17,3,2
2026-02-12,2026-02-12 18:36:15.667087,PVT4571,KLAX,KSFO,King Air 350,18,3,2
2026-02-12,2026-02-12 19:49:15.667087,PVT7043,KTEB,KMIA,Gulfstream G450,19,3,2
2026-02-12,2026-02-12 11:49:15.667087,PVT3683,KLAX,KSFO,Phenom 300,11,3,2
2026-02-12,2026-02-12 12:37:15.667087,PVT1420,KLAX,KSFO,Phenom 300,12,3,2
2026-02-12,2026-02-12 08:25:15.667087,PVT4249,KBOS,KJFK,Citation XLS,8,3,2
2026-02-12,2026-02-12 15:06:15.667087,PVT5941,KTEB,KPBI,Learjet 75,15,3,2
2026-02-12,2026-02-12 07:50:15.667087,PVT1672,KLAX,KSFO,Phenom 300,7,3,2
2026-02-12,2026-02-12 13:27:15.667087,PVT7071,KDAL,KHOU,Citation XLS,13,3,2
2026-02-12,2026-02-12 14:41:15.667087,PVT6590,KDAL,KHOU,Citation XLS,14,3,2
2026-02-12,2026-02-12 11:52:15.667087,PVT9031,KBOS,KJFK,Citation XLS,11,3,2
2026-02-12,2026-02-12 15:23:15.667087,PVT8532,KBOS,KJFK,Learjet 75,15,3,2
2026-02-12,2026-02-12 07:27:15.667087,PVT3885,KLAX,KASE,Learjet 75,7,3,2
2026-02-12,2026-02-12 07:41:15.667087,PVT5425,KDAL,KHOU,Challenger 350,7,3,2
2026-02-12,2026-02-12 18:49:15.667087,PVT8921,KDAL,KHOU,King Air 350,18,3,2
2026-02-12,2026-02-12 12:52:15.667087,PVT5397,KBOS,KJFK,Phenom 300,12,3,2
2026-02-12,2026-02-12 09:53:15.667087,PVT2419,KTEB,KPBI,Phenom 300,9,3,2
2026-02-12,2026-02-12 14:15:15.667087,PVT8613,KORD,KDEN,Challenger 350,14,3,2
2026-02-13,2026-02-13 16:21:15.667087,PVT1470,KBOS,KJFK,King Air 350,16,4,2
2026-02-13,2026-02-13 08:11:15.667087,PVT8988,KPDK,KBHM,Gulfstream G450,8,4,2
2026-02-13,2026-02-13 07:51:15.667087,PVT5232,KPDK,KBHM,Phenom 300,7,4,2
2026-02-13,2026-02-13 14:56:15.667087,PVT5526,KTEB,KMIA,Challenger 350,14,4,2
2026-02-13,2026-02-13 14:33:15.667087,PVT4130,KLAX,KLAS,Citation XLS,14,4,2
2026-02-13,2026-02-13 16:46:15.667087,PVT7658,KTEB,KPBI,King Air 350,16,4,2
2026-02-13,2026-02-13 17:48:15.667087,PVT4937,KDAL,KHOU,Learjet 75,17,4,2
2026-02-13,2026-02-13 21:41:15.667087,PVT9041,KORD,KDEN,King Air 350,21,4,2
2026-02-13,2026-02-13 14:05:15.667087,PVT5820,KLAX,KLAS,Gulfstream G450,14,4,2
2026-02-13,2026-02-13 11:44:15.667087,PVT4986,KBOS,KJFK,Phenom 300,11,4,2
2026-02-13,2026-02-13 18:30:15.667087,PVT9698,KPDK,KBHM,Phenom 300,18,4,2
2026-02-13,2026-02-13 11:47:15.667087,PVT6419,KBOS,KJFK,Phenom 300,11,4,2
2026-02-13,2026-02-13 13:17:15.667087,PVT6023,KORD,KDEN,Phenom 300,13,4,2
2026-02-13,2026-02-13 08:07:15.667087,PVT4155,KTEB,KPBI,Phenom 300,8,4,2
2026-02-13,2026-02-13 07:47:15.667087,PVT9779,KLAX,KSFO,Learjet 75,7,4,2
2026-02-13,2026-02-13 20:12:15.667087,PVT4545,KLAX,KASE,Learjet 75,20,4,2
2026-02-13,2026-02-13 18:17:15.667087,PVT9595,KORD,KDEN,Challenger 350,18,4,2
2026-02-13,2026-02-13 17:06:15.667087,PVT4180,KTEB,KMIA,Phenom 300,17,4,2
2026-02-14,2026-02-14 17:23:15.667087,PVT3939,KTEB,KPBI,Phenom 300,17,5,2
2026-02-14,2026-02-14 16:45:15.667087,PVT9751,KLAX,KLAS,Gulfstream G450,16,5,2
2026-02-14,2026-02-14 11:02:15.667087,PVT1893,KTEB,KMIA,Challenger 350,11,5,2
2026-02-14,2026-02-14 20:44:15.667087,PVT3068,KTEB,KMIA,Learjet 75,20,5,2
2026-02-15,2026-02-15 09:06:15.667087,PVT1200,KORD,KDEN,Challenger 350,9,6,2
2026-02-15,2026-02-15 07:30:15.667087,PVT8843,KTEB,KMIA,King Air 350,7,6,2
2026-02-15,2026-02-15 07:11:15.667087,PVT1841,KPDK,KBHM,Phenom 300,7,6,2
2026-02-15,2026-02-15 19:07:15.667087,PVT2070,KORD,KDEN,King Air 350,19,6,2
2026-02-15,2026-02-15 17:04:15.667087,PVT1878,KORD,KDEN,Gulfstream G450,17,6,2
2026-02-15,2026-02-15 13:51:15.667087,PVT5978,KLAX,KASE,Citation XLS,13,6,2
2026-02-15,2026-02-15 08:07:15.667087,PVT7818,KTEB,KPBI,Challenger 350,8,6,2
2026-02-16,2026-02-16 10:49:15.667087,PVT9561,KTEB,KPBI,King Air 350,10,0,2
2026-02-16,2026-02-16 13:58:15.667087,PVT8253,KORD,KDEN,Phenom 300,13,0,2
2026-02-16,2026-02-16 12:19:15.667087,PVT1986,KBOS,KJFK,Challenger 350,12,0,2
2026-02-16,2026-02-16 16:48:15.667087,PVT4404,KLAX,KSFO,Learjet 75,16,0,2
2026-02-16,2026-02-16 16:16:15.667087,PVT2330,KTEB,KPBI,Gulfstream G450,16,0,2
2026-02-16,2026-02-16 07:11:15.667087,PVT2229,KTEB,KPBI,Gulfstream G450,7,0,2
2026-02-16,2026-02-16 12:26:15.667087,PVT8381,KLAX,KLAS,Learjet 75,12,0,2
2026-02-16,2026-02-16 16:18:15.667087,PVT1534,KORD,KDEN,Gulfstream G450,16,0,2
2026-02-16,2026-02-16 14:45:15.667087,PVT5632,KTEB,KMIA,Learjet 75,14,0,2
2026-02-16,2026-02-16 19:04:15.667087,PVT4824,KORD,KDEN,Phenom 300,19,0,2
2026-02-16,2026-02-16 16:27:15.667087,PVT2880,KTEB,KPBI,Challenger 350,16,0,2
2026-02-16,2026-02-16 09:41:15.667087,PVT3441,KTEB,KPBI,Phenom 300,9,0,2
2026-02-16,2026-02-16 08:04:15.667087,PVT1977,KLAX,KASE,Gulfstream G450,8,0,2
2026-02-16,2026-02-16 16:38:15.667087,PVT5728,KTEB,KMIA,King Air 350,16,0,2
2026-02-16,2026-02-16 07:29:15.667087,PVT5982,KLAX,KSFO,Learjet 75,7,0,2
2026-02-17,2026-02-17 08:17:15.667087,PVT9199,KBOS,KJFK,Challenger 350,8,1,2
2026-02-17,2026-02-17 07:28:15.667087,PVT2317,KORD,KDEN,Challenger 350,7,1,2
2026-02-17,2026-02-17 08:56:15.667087,PVT8078,KLAX,KLAS,Learjet 75,8,1,2
2026-02-17,2026-02-17 17:38:15.667087,PVT5102,KPDK,KBHM,Citation XLS,17,1,2
2026-02-17,2026-02-17 08:14:15.667087,PVT1339,KLAX,KSFO,Learjet 75,8,1,2
2026-02-17,2026-02-17 11:36:15.667087,PVT1659,KTEB,KMIA,Gulfstream G450,11,1,2
2026-02-17,2026-02-17 19:33:15.667087,PVT8245,KORD,KDEN,Phenom 300,19,1,2
2026-02-17,2026-02-17 07:37:15.667087,PVT8141,KLAX,KASE,Learjet 75,7,1,2
2026-02-17,2026-02-17 18:05:15.667087,PVT8700,KORD,KDEN,Phenom 300,18,1,2
2026-02-17,2026-02-17 11:21:15.667087,PVT6260,KBOS,KJFK,Learjet 75,11,1,2
2026-02-17,2026-02-17 09:54:15.667087,PVT3634,KLAX,KSFO,Phenom 300,9,1,2
2026-02-17,2026-02-17 17:44:15.667087,PVT9117,KBOS,KJFK,Phenom 300,17,1,2
2026-02-18,2026-02-18 12:52:15.667087,PVT1601,KBOS,KJFK,King Air 350,12,2,2
2026-02-18,2026-02-18 17:20:15.667087,PVT5135,KLAX,KSFO,Phenom 300,17,2,2
2026-02-18,2026-02-18 17:49:15.667087,PVT7622,KLAX,KSFO,Challenger 350,17,2,2
2026-02-18,2026-02-18 08:42:15.667087,PVT9889,KLAX,KLAS,King Air 350,8,2,2
2026-02-18,2026-02-18 19:03:15.667087,PVT4073,KBOS,KJFK,Challenger 350,19,2,2
2026-02-18,2026-02-18 14:39:15.667087,PVT9167,KPDK,KBHM,Learjet 75,14,2,2
2026-02-18,2026-02-18 18:48:15.667087,PVT1845,KORD,KDEN,Gulfstream G450,18,2,2
2026-02-18,2026-02-18 11:35:15.667087,PVT3146,KTEB,KMIA,Phenom 300,11,2,2
2026-02-18,2026-02-18 19:56:15.667087,PVT8941,KORD,KDEN,Citation XLS,19,2,2
2026-02-18,2026-02-18 12:40:15.667087,PVT4920,KLAX,KLAS,Learjet 75,12,2,2
2026-02-18,2026-02-18 06:19:15.667087,PVT1224,KLAX,KASE,Challenger 350,6,2,2
2026-02-18,2026-02-18 19:05:15.667087,PVT4681,KBOS,KJFK,Citation XLS,19,2,2
2026-02-18,2026-02-18 08:07:15.667087,PVT3522,KORD,KDEN,King Air 350,8,2,2
2026-02-18,2026-02-18 11:32:15.667087,PVT5479,KTEB,KMIA,King Air 350,11,2,2
2026-02-19,2026-02-19 15:30:15.667087,PVT4993,KORD,KDEN,King Air 350,15,3,2
2026-02-19,2026-02-19 16:09:15.667087,PVT7284,KDAL,KHOU,Gulfstream G450,16,3,2
2026-02-19,2026-02-19 13:47:15.667087,PVT3236,KDAL,KHOU,Citation XLS,13,3,2
2026-02-19,2026-02-19 11:49:15.667087,PVT7798,KTEB,KMIA,Phenom 300,11,3,2
2026-02-19,2026-02-19 11:17:15.667087,PVT1042,KDAL,KHOU,Phenom 300,11,3,2
2026-02-19,2026-02-19 17:53:15.667087,PVT9022,KTEB,KMIA,Gulfstream G450,17,3,2
2026-02-19,2026-02-19 17:34:15.667087,PVT8935,KORD,KDEN,Phenom 300,17,3,2
2026-02-19,2026-02-19 18:35:15.667087,PVT9903,KPDK,KBHM,King Air 350,18,3,2
2026-02-19,2026-02-19 18:59:15.667087,PVT6272,KORD,KDEN,Gulfstream G450,18,3,2
2026-02-19,2026-02-19 08:36:15.667087,PVT7274,KTEB,KPBI,Gulfstream G450,8,3,2
2026-02-19,2026-02-19 13:02:15.667087,PVT6213,KBOS,KJFK,Learjet 75,13,3,2
2026-02-19,2026-02-19 08:45:15.667087,PVT7246,KORD,KDEN,King Air 350,8,3,2
2026-02-19,2026-02-19 14:31:15.667087,PVT1606,KLAX,KASE,Gulfstream G450,14,3,2
2026-02-19,2026-02-19 13:37:15.667087,PVT6439,KDAL,KHOU,Citation XLS,13,3,2
2026-02-19,2026-02-19 19:06:15.667087,PVT9617,KORD,KDEN,King Air 350,19,3,2
2026-02-19,2026-02-19 12:46:15.667087,PVT3361,KLAX,KLAS,King Air 350,12,3,2
2026-02-19,2026-02-19 09:04:15.667087,PVT8692,KLAX,KASE,Phenom 300,9,3,2
2026-02-19,2026-02-19 09:39:15.667087,PVT7512,KPDK,KBHM,Learjet 75,9,3,2
2026-02-19,2026-02-19 18:54:15.667087,PVT6383,KLAX,KSFO,Learjet 75,18,3,2
2026-02-19,2026-02-19 16:24:15.667087,PVT6188,KDAL,KHOU,Learjet 75,16,3,2
2026-02-19,2026-02-19 08:55:15.667087,PVT9864,KORD,KDEN,Citation XLS,8,3,2
2026-02-19,2026-02-19 08:15:15.667087,PVT5708,KLAX,KSFO,Gulfstream G450,8,3,2
2026-02-19,2026-02-19 17:27:15.667087,PVT2612,KLAX,KSFO,Learjet 75,17,3,2
2026-02-20,2026-02-20 08:28:15.667087,PVT3725,KLAX,KSFO,Learjet 75,8,4,2
2026-02-20,2026-02-20 21:57:15.667087,PVT1474,KTEB,KMIA,Citation XLS,21,4,2
2026-02-20,2026-02-20 12:50:15.667087,PVT1919,KPDK,KBHM,Phenom 300,12,4,2
2026-02-20,2026-02-20 12:23:15.667087,PVT8056,KPDK,KBHM,Gulfstream G450,12,4,2
2026-02-20,2026-02-20 18:33:15.667087,PVT7751,KTEB,KPBI,Challenger 350,18,4,2
2026-02-20,2026-02-20 20:10:15.667087,PVT3868,KLAX,KASE,Citation XLS,20,4,2
2026-02-20,2026-02-20 21:39:15.667087,PVT4945,KBOS,KJFK,King Air 350,21,4,2
2026-02-20,2026-02-20 17:14:15.667087,PVT8555,KLAX,KASE,Learjet 75,17,4,2
2026-02-20,2026-02-20 12:29:15.667087,PVT5183,KTEB,KMIA,Learjet 75,12,4,2
2026-02-20,2026-02-20 08:57:15.667087,PVT8622,KLAX,KLAS,Phenom 300,8,4,2
2026-02-20,2026-02-20 18:10:15.667087,PVT2210,KDAL,KHOU,King Air 350,18,4,2
2026-02-20,2026-02-20 15:37:15.667087,PVT5901,KPDK,KBHM,Learjet 75,15,4,2
2026-02-20,2026-02-20 12:44:15.667087,PVT5097,KBOS,KJFK,King Air 350,12,4,2
2026-02-20,2026-02-20 19:12:15.667087,PVT7302,KTEB,KMIA,King Air 350,19,4,2
2026-02-20,2026-02-20 09:15:15.667087,PVT7248,KLAX,KSFO,Challenger 350,9,4,2
2026-02-20,2026-02-20 13:36:15.667087,PVT5847,KPDK,KBHM,Learjet 75,13,4,2
2026-02-20,2026-02-20 06:01:15.667087,PVT7484,KTEB,KMIA,Phenom 300,6,4,2
2026-02-21,2026-02-21 16:36:15.667087,PVT1803,KLAX,KLAS,Challenger 350,16,5,2
2026-02-21,2026-02-21 17:53:15.667087,PVT5689,KORD,KDEN,Gulfstream G450,17,5,2
2026-02-21,2026-02-21 15:14:15.667087,PVT4115,KPDK,KBHM,Challenger 350,15,5,2
2026-02-22,2026-02-22 21:43:15.667087,PVT3240,KTEB,KMIA,Learjet 75,21,6,2
2026-02-22,2026-02-22 07:57:15.667087,PVT1645,KLAX,KSFO,Phenom 300,7,6,2
2026-02-22,2026-02-22 19:02:15.667087,PVT6977,KORD,KDEN,Learjet 75,19,6,2
2026-02-22,2026-02-22 14:05:15.667087,PVT5835,KLAX,KASE,Phenom 300,14,6,2
2026-02-22,2026-02-22 21:11:15.667087,PVT4289,KBOS,KJFK,Gulfstream G450,21,6,2
2026-02-22,2026-02-22 08:56:15.667087,PVT6994,KDAL,KHOU,Challenger 350,8,6,2
2026-02-23,2026-02-23 17:58:15.667087,PVT5465,KDAL,KHOU,Gulfstream G450,17,0,2
2026-02-23,2026-02-23 13:58:15.667087,PVT8894,KTEB,KMIA,Phenom 300,13,0,2
2026-02-23,2026-02-23 16:51:15.667087,PVT2886,KPDK,KBHM,King Air 350,16,0,2
2026-02-23,2026-02-23 15:09:15.667087,PVT4696,KLAX,KSFO,Learjet 75,15,0,2
2026-02-23,2026-02-23 19:54:15.667087,PVT6992,KBOS,KJFK,Citation XLS,19,0,2
2026-02-23,2026-02-23 07:00:15.667087,PVT5332,KBOS,KJFK,Challenger 350,7,0,2
2026-02-23,2026-02-23 11:29:15.667087,PVT7038,KLAX,KSFO,Learjet 75,11,0,2
2026-02-23,2026-02-23 20:37:15.667087,PVT7242,KTEB,KMIA,Learjet 75,20,0,2
2026-02-23,2026-02-23 19:06:15.667087,PVT4830,KPDK,KBHM,King Air 350,19,0,2
2026-02-23,2026-02-23 13:39:15.667087,PVT6374,KLAX,KLAS,Challenger 350,13,0,2
2026-02-23,2026-02-23 16:41:15.667087,PVT2035,KTEB,KPBI,Learjet 75,16,0,2
2026-02-23,2026-02-23 11:58:15.667087,PVT5951,KORD,KDEN,Learjet 75,11,0,2
2026-02-23,2026-02-23 10:07:15.667087,PVT3290,KBOS,KJFK,Citation XLS,10,0,2
2026-02-23,2026-02-23 13:19:15.667087,PVT9071,KLAX,KLAS,Citation XLS,13,0,2
2026-02-23,2026-02-23 12:15:15.667087,PVT9807,KLAX,KSFO,Gulfstream G450,12,0,2
2026-02-24,2026-02-24 17:29:15.667087,PVT7078,KBOS,KJFK,Learjet 75,17,1,2
2026-02-24,2026-02-24 16:26:15.667087,PVT3531,KDAL,KHOU,King Air 350,16,1,2
2026-02-24,2026-02-24 12:53:15.667087,PVT9017,KLAX,KSFO,Challenger 350,12,1,2
2026-02-24,2026-02-24 20:17:15.667087,PVT1536,KBOS,KJFK,Learjet 75,20,1,2
2026-02-24,2026-02-24 19:13:15.667087,PVT8264,KPDK,KBHM,King Air 350,19,1,2
2026-02-24,2026-02-24 07:54:15.667087,PVT6942,KTEB,KPBI,Citation XLS,7,1,2
2026-02-24,2026-02-24 07:34:15.667087,PVT6876,KPDK,KBHM,Citation XLS,7,1,2
2026-02-24,2026-02-24 12:17:15.667087,PVT4109,KBOS,KJFK,Citation XLS,12,1,2
2026-02-24,2026-02-24 18:05:15.667087,PVT4475,KORD,KDEN,Learjet 75,18,1,2
2026-02-24,2026-02-24 21:03:15.667087,PVT6464,KLAX,KLAS,Gulfstream G450,21,1,2
2026-02-24,2026-02-24 09:50:15.667087,PVT4362,KLAX,KASE,Citation XLS,9,1,2
2026-02-24,2026-02-24 15:13:15.667087,PVT4538,KDAL,KHOU,Gulfstream G450,15,1,2
2026-02-25,2026-02-25 18:49:15.667087,PVT3417,KPDK,KBHM,Challenger 350,18,2,2
2026-02-25,2026-02-25 20:17:15.667087,PVT3370,KLAX,KLAS,Gulfstream G450,20,2,2
2026-02-25,2026-02-25 19:16:15.667087,PVT3858,KDAL,KHOU,Citation XLS,19,2,2
2026-02-25,2026-02-25 10:08:15.667087,PVT1243,KLAX,KLAS,Phenom 300,10,2,2
2026-02-25,2026-02-25 13:37:15.667087,PVT6304,KTEB,KPBI,Citation XLS,13,2,2
2026-02-25,2026-02-25 09:16:15.667087,PVT1858,KLAX,KASE,Gulfstream G450,9,2,2
2026-02-25,2026-02-25 20:33:15.667087,PVT2862,KBOS,KJFK,Learjet 75,20,2,2
2026-02-25,2026-02-25 16:30:15.667087,PVT8344,KLAX,KSFO,Phenom 300,16,2,2
2026-02-25,2026-02-25 10:37:15.667087,PVT2786,KDAL,KHOU,King Air 350,10,2,2
2026-02-25,2026-02-25 16:14:15.667087,PVT1710,KDAL,KHOU,Learjet 75,16,2,2
2026-02-25,2026-02-25 16:19:15.667087,PVT8504,KDAL,KHOU,Learjet 75,16,2,2
2026-02-25,2026-02-25 12:03:15.667087,PVT8847,KLAX,KLAS,King Air 350,12,2,2
2026-02-26,2026-02-26 14:43:15.667087,PVT2768,KBOS,KJFK,King Air 350,14,3,2
2026-02-26,2026-02-26 18:04:15.667087,PVT2323,KORD,KDEN,Phenom 300,18,3,2
2026-02-26,2026-02-26 14:04:15.667087,PVT3067,KLAX,KASE,Phenom 300,14,3,2
2026-02-26,2026-02-26 19:45:15.667087,PVT6327,KDAL,KHOU,King Air 350,19,3,2
2026-02-26,2026-02-26 15:18:15.667087,PVT8433,KDAL,KHOU,Challenger 350,15,3,2
2026-02-26,2026-02-26 15:06:15.667087,PVT2874,KBOS,KJFK,Learjet 75,15,3,2
2026-02-26,2026-02-26 19:46:15.667087,PVT4522,KDAL,KHOU,King Air 350,19,3,2
2026-02-26,2026-02-26 12:56:15.667087,PVT4743,KORD,KDEN,King Air 350,12,3,2
2026-02-26,2026-02-26 09:52:15.667087,PVT8430,KPDK,KBHM,King Air 350,9,3,2
2026-02-27,2026-02-27 10:46:15.667087,PVT2557,KBOS,KJFK,Phenom 300,10,4,2
2026-02-27,2026-02-27 09:20:15.667087,PVT5176,KBOS,KJFK,Phenom 300,9,4,2
2026-02-27,2026-02-27 06:43:15.667087,PVT8770,KLAX,KASE,Citation XLS,6,4,2
2026-02-27,2026-02-27 12:53:15.667087,PVT2398,KLAX,KSFO,Citation XLS,12,4,2
2026-02-27,2026-02-27 15:06:15.667087,PVT7105,KBOS,KJFK,Gulfstream G450,15,4,2
2026-02-27,2026-02-27 12:03:15.667087,PVT6400,KDAL,KHOU,Learjet 75,12,4,2
2026-02-27,2026-02-27 13:26:15.667087,PVT6793,KLAX,KSFO,Learjet 75,13,4,2
2026-02-27,2026-02-27 19:55:15.667087,PVT1842,KBOS,KJFK,Phenom 300,19,4,2
2026-02-27,2026-02-27 12:22:15.667087,PVT2697,KTEB,KMIA,Challenger 350,12,4,2
2026-02-27,2026-02-27 14:13:15.667087,PVT3535,KDAL,KHOU,Learjet 75,14,4,2
2026-02-27,2026-02-27 18:14:15.667087,PVT2773,KORD,KDEN,Phenom 300,18,4,2
2026-02-27,2026-02-27 12:23:15.667087,PVT2882,KDAL,KHOU,Phenom 300,12,4,2
2026-02-27,2026-02-27 16:51:15.667087,PVT8030,KTEB,KPBI,Challenger 350,16,4,2
2026-02-27,2026-02-27 19:01:15.667087,PVT5381,KDAL,KHOU,Citation XLS,19,4,2
2026-02-27,2026-02-27 20:17:15.667087,PVT6062,KLAX,KASE,Phenom 300,20,4,2
2026-02-27,2026-02-27 09:00:15.667087,PVT3972,KPDK,KBHM,Gulfstream G450,9,4,2
2026-02-28,2026-02-28 08:04:15.667087,PVT3324,KBOS,KJFK,Learjet 75,8,5,2
2026-02-28,2026-02-28 09:05:15.667087,PVT9691,KLAX,KLAS,Gulfstream G450,9,5,2
2026-02-28,2026-02-28 09:26:15.667087,PVT8432,KBOS,KJFK,Phenom 300,9,5,2
2026-02-28,2026-02-28 09:23:15.667087,PVT6105,KLAX,KASE,Learjet 75,9,5,2
2026-02-28,2026-02-28 09:49:15.667087,PVT2391,KPDK,KBHM,Citation XLS,9,5,2
2026-02-28,2026-02-28 16:10:15.667087,PVT1815,KLAX,KASE,Learjet 75,16,5,2
2026-02-28,2026-02-28 10:17:15.667087,PVT8259,KLAX,KSFO,Learjet 75,10,5,2
2026-02-28,2026-02-28 12:31:15.667087,PVT8242,KBOS,KJFK,King Air 350,12,5,2
2026-03-01,2026-03-01 09:13:15.667087,PVT9394,KTEB,KMIA,Citation XLS,9,6,3
2026-03-01,2026-03-01 11:27:15.667087,PVT2816,KPDK,KBHM,Phenom 300,11,6,3
2026-03-01,2026-03-01 10:33:15.667087,PVT6053,KORD,KDEN,Citation XLS,10,6,3
2026-03-01,2026-03-01 08:25:15.667087,PVT1897,KTEB,KPBI,Citation XLS,8,6,3
2026-03-01,2026-03-01 09:19:15.667087,PVT4460,KTEB,KPBI,Gulfstream G450,9,6,3
2026-03-02,2026-03-02 12:18:15.667087,PVT6375,KTEB,KMIA,Citation XLS,12,0,3
2026-03-02,2026-03-02 14:31:15.667087,PVT8055,KLAX,KLAS,Gulfstream G450,14,0,3
2026-03-02,2026-03-02 17:24:15.667087,PVT9725,KLAX,KASE,Learjet 75,17,0,3
2026-03-02,2026-03-02 07:32:15.667087,PVT6802,KTEB,KPBI,Citation XLS,7,0,3
2026-03-02,2026-03-02 18:55:15.667087,PVT1693,KBOS,KJFK,King Air 350,18,0,3
2026-03-02,2026-03-02 16:29:15.667087,PVT2275,KLAX,KLAS,Phenom 300,16,0,3
2026-03-02,2026-03-02 08:36:15.667087,PVT7626,KBOS,KJFK,Learjet 75,8,0,3
2026-03-02,2026-03-02 19:18:15.667087,PVT2887,KBOS,KJFK,King Air 350,19,0,3
2026-03-02,2026-03-02 20:20:15.667087,PVT3815,KLAX,KLAS,Challenger 350,20,0,3
2026-03-02,2026-03-02 08:53:15.667087,PVT6928,KORD,KDEN,Citation XLS,8,0,3
2026-03-02,2026-03-02 11:54:15.667087,PVT2734,KBOS,KJFK,Gulfstream G450,11,0,3
2026-03-02,2026-03-02 18:37:15.667087,PVT7560,KBOS,KJFK,Challenger 350,18,0,3
2026-03-02,2026-03-02 17:25:15.667087,PVT6083,KLAX,KSFO,Learjet 75,17,0,3
2026-03-02,2026-03-02 10:14:15.667087,PVT6456,KPDK,KBHM,Gulfstream G450,10,0,3
2026-03-03,2026-03-03 10:32:15.667087,PVT2868,KLAX,KSFO,Challenger 350,10,1,3
2026-03-03,2026-03-03 17:12:15.667087,PVT6724,KDAL,KHOU,Phenom 300,17,1,3
2026-03-03,2026-03-03 19:15:15.667087,PVT2684,KLAX,KASE,Gulfstream G450,19,1,3
2026-03-03,2026-03-03 14:12:15.667087,PVT3842,KTEB,KMIA,Challenger 350,14,1,3
2026-03-03,2026-03-03 14:48:15.667087,PVT2234,KLAX,KASE,Gulfstream G450,14,1,3
2026-03-03,2026-03-03 09:29:15.667087,PVT8354,KORD,KDEN,Learjet 75,9,1,3
2026-03-03,2026-03-03 13:55:15.667087,PVT6179,KPDK,KBHM,Gulfstream G450,13,1,3
2026-03-04,2026-03-04 11:04:15.667087,PVT8682,KORD,KDEN,King Air 350,11,2,3
2026-03-04,2026-03-04 10:50:15.667087,PVT5500,KTEB,KMIA,Challenger 350,10,2,3
2026-03-04,2026-03-04 11:22:15.667087,PVT9312,KLAX,KLAS,Citation XLS,11,2,3
2026-03-04,2026-03-04 09:29:15.667087,PVT8404,KTEB,KMIA,Citation XLS,9,2,3
2026-03-05,2026-03-05 17:23:15.667087,PVT5703,KLAX,KLAS,Citation XLS,17,3,3
2026-03-05,2026-03-05 18:39:15.667087,PVT9307,KLAX,KSFO,King Air 350,18,3,3
2026-03-05,2026-03-05 13:37:15.667087,PVT1672,KORD,KDEN,King Air 350,13,3,3
2026-03-05,2026-03-05 08:20:15.667087,PVT8792,KTEB,KPBI,Challenger 350,8,3,3
2026-03-05,2026-03-05 14:03:15.667087,PVT8381,KLAX,KASE,Citation XLS,14,3,3
2026-03-05,2026-03-05 15:45:15.667087,PVT2381,KPDK,KBHM,Challenger 350,15,3,3
2026-03-05,2026-03-05 17:02:15.667087,PVT5059,KLAX,KASE,Learjet 75,17,3,3
2026-03-05,2026-03-05 13:28:15.667087,PVT9586,KORD,KDEN,Challenger 350,13,3,3
2026-03-05,2026-03-05 09:23:15.667087,PVT7108,KLAX,KASE,Phenom 300,9,3,3
2026-03-05,2026-03-05 11:26:15.667087,PVT6543,KBOS,KJFK,Learjet 75,11,3,3
2026-03-05,2026-03-05 12:50:15.667087,PVT6482,KLAX,KLAS,Citation XLS,12,3,3
2026-03-05,2026-03-05 16:06:15.667087,PVT7333,KPDK,KBHM,Phenom 300,16,3,3
2026-03-05,2026-03-05 15:46:15.667087,PVT3463,KTEB,KMIA,Phenom 300,15,3,3
2026-03-05,2026-03-05 12:37:15.667087,PVT3317,KLAX,KSFO,Phenom 300,12,3,3
2026-03-05,2026-03-05 21:41:15.667087,PVT7421,KTEB,KMIA,Gulfstream G450,21,3,3
2026-03-05,2026-03-05 16:19:15.667087,PVT7171,KLAX,KSFO,Learjet 75,16,3,3
2026-03-05,2026-03-05 10:52:15.667087,PVT3093,KPDK,KBHM,Learjet 75,10,3,3
2026-03-05,2026-03-05 08:05:15.667087,PVT7937,KDAL,KHOU,Challenger 350,8,3,3
2026-03-05,2026-03-05 09:01:15.667087,PVT6940,KPDK,KBHM,Phenom 300,9,3,3
2026-03-05,2026-03-05 10:13:15.667087,PVT6598,KLAX,KASE,King Air 350,10,3,3
2026-03-05,2026-03-05 09:14:15.667087,PVT3253,KTEB,KPBI,Gulfstream G450,9,3,3
2026-03-06,2026-03-06 10:18:15.667087,PVT2657,KLAX,KSFO,Challenger 350,10,4,3
2026-03-06,2026-03-06 19:53:15.667087,PVT9626,KDAL,KHOU,Citation XLS,19,4,3
2026-03-06,2026-03-06 08:56:15.667087,PVT3147,KPDK,KBHM,Challenger 350,8,4,3
2026-03-06,2026-03-06 14:09:15.667087,PVT3658,KBOS,KJFK,Gulfstream G450,14,4,3
2026-03-06,2026-03-06 12:46:15.667087,PVT8170,KLAX,KASE,Citation XLS,12,4,3
2026-03-06,2026-03-06 21:23:15.667087,PVT4891,KBOS,KJFK,King Air 350,21,4,3
2026-03-06,2026-03-06 09:48:15.667087,PVT8355,KTEB,KMIA,Gulfstream G450,9,4,3
2026-03-06,2026-03-06 12:15:15.667087,PVT6070,KDAL,KHOU,King Air 350,12,4,3
2026-03-06,2026-03-06 21:23:15.667087,PVT8218,KTEB,KPBI,King Air 350,21,4,3
2026-03-06,2026-03-06 19:49:15.667087,PVT7256,KTEB,KMIA,Challenger 350,19,4,3
2026-03-06,2026-03-06 18:26:15.667087,PVT3655,KDAL,KHOU,Gulfstream G450,18,4,3
2026-03-07,2026-03-07 18:55:15.667087,PVT5096,KLAX,KASE,Citation XLS,18,5,3
2026-03-07,2026-03-07 10:55:15.667087,PVT7081,KORD,KDEN,Challenger 350,10,5,3
2026-03-07,2026-03-07 11:45:15.667087,PVT9452,KLAX,KSFO,Citation XLS,11,5,3
2026-03-07,2026-03-07 12:05:15.667087,PVT3626,KTEB,KMIA,Phenom 300,12,5,3
2026-03-07,2026-03-07 14:57:15.667087,PVT9410,KORD,KDEN,Gulfstream G450,14,5,3
2026-03-07,2026-03-07 10:05:15.667087,PVT4637,KBOS,KJFK,King Air 350,10,5,3
2026-03-08,2026-03-08 13:59:15.667087,PVT1436,KPDK,KBHM,King Air 350,13,6,3
2026-03-08,2026-03-08 14:25:15.667087,PVT9224,KLAX,KLAS,Phenom 300,14,6,3
2026-03-08,2026-03-08 08:24:15.667087,PVT2337,KTEB,KPBI,Phenom 300,8,6,3
2026-03-08,2026-03-08 11:01:15.667087,PVT6221,KTEB,KPBI,Citation XLS,11,6,3
2026-03-09,2026-03-09 21:50:15.667087,PVT3392,KPDK,KBHM,Gulfstream G450,21,0,3
2026-03-09,2026-03-09 11:18:15.667087,PVT8740,KLAX,KLAS,Learjet 75,11,0,3
2026-03-09,2026-03-09 18:48:15.667087,PVT8685,KLAX,KASE,King Air 350,18,0,3
2026-03-09,2026-03-09 10:57:15.667087,PVT2298,KLAX,KLAS,Citation XLS,10,0,3
2026-03-09,2026-03-09 17:13:15.667087,PVT3449,KTEB,KMIA,Challenger 350,17,0,3
2026-03-09,2026-03-09 18:27:15.667087,PVT2821,KDAL,KHOU,Phenom 300,18,0,3
2026-03-09,2026-03-09 15:19:15.667087,PVT2996,KTEB,KPBI,Citation XLS,15,0,3
2026-03-09,2026-03-09 13:26:15.667087,PVT8489,KTEB,KPBI,Citation XLS,13,0,3
2026-03-09,2026-03-09 12:53:15.667087,PVT9189,KLAX,KSFO,Challenger 350,12,0,3
2026-03-09,2026-03-09 12:01:15.667087,PVT9443,KDAL,KHOU,Challenger 350,12,0,3
2026-03-10,2026-03-10 18:45:15.667087,PVT3352,KTEB,KPBI,Phenom 300,18,1,3
2026-03-10,2026-03-10 09:00:15.667087,PVT6780,KBOS,KJFK,Gulfstream G450,9,1,3
2026-03-10,2026-03-10 18:11:15.667087,PVT2402,KBOS,KJFK,Challenger 350,18,1,3
2026-03-10,2026-03-10 10:04:15.667087,PVT9618,KPDK,KBHM,Challenger 350,10,1,3
2026-03-10,2026-03-10 09:50:15.667087,PVT9316,KDAL,KHOU,Challenger 350,9,1,3
2026-03-10,2026-03-10 09:24:15.667087,PVT8702,KLAX,KLAS,Citation XLS,9,1,3
2026-03-10,2026-03-10 18:23:15.667087,PVT5155,KBOS,KJFK,Learjet 75,18,1,3
2026-03-10,2026-03-10 16:22:15.667087,PVT2106,KLAX,KLAS,Phenom 300,16,1,3
2026-03-10,2026-03-10 14:46:15.667087,PVT2698,KTEB,KPBI,Challenger 350,14,1,3
2026-03-11,2026-03-11 19:08:15.667087,PVT1726,KPDK,KBHM,Phenom 300,19,2,3
2026-03-11,2026-03-11 12:21:15.667087,PVT3868,KDAL,KHOU,Learjet 75,12,2,3
2026-03-11,2026-03-11 14:44:15.667087,PVT8840,KORD,KDEN,Learjet 75,14,2,3
2026-03-11,2026-03-11 19:51:15.667087,PVT3209,KLAX,KASE,Citation XLS,19,2,3
2026-03-11,2026-03-11 16:02:15.667087,PVT5807,KORD,KDEN,Gulfstream G450,16,2,3
2026-03-11,2026-03-11 09:50:15.667087,PVT4268,KLAX,KLAS,Citation XLS,9,2,3
2026-03-11,2026-03-11 20:59:15.667087,PVT6080,KPDK,KBHM,Challenger 350,20,2,3
2026-03-11,2026-03-11 16:52:15.667087,PVT9897,KBOS,KJFK,King Air 350,16,2,3
2026-03-11,2026-03-11 11:02:15.667087,PVT4131,KTEB,KMIA,Phenom 300,11,2,3
2026-03-11,2026-03-11 09:55:15.667087,PVT1783,KPDK,KBHM,Learjet 75,9,2,3
2026-03-12,2026-03-12 14:17:15.667087,PVT3039,KPDK,KBHM,Phenom 300,14,3,3
2026-03-12,2026-03-12 19:56:15.667087,PVT7553,KBOS,KJFK,Learjet 75,19,3,3
2026-03-12,2026-03-12 18:57:15.667087,PVT7334,KORD,KDEN,Phenom 300,18,3,3
2026-03-12,2026-03-12 09:31:15.667087,PVT9151,KLAX,KASE,Phenom 300,9,3,3
2026-03-12,2026-03-12 11:17:15.667087,PVT2353,KDAL,KHOU,Learjet 75,11,3,3
2026-03-12,2026-03-12 10:05:15.667087,PVT8055,KBOS,KJFK,Challenger 350,10,3,3
2026-03-12,2026-03-12 17:34:15.667087,PVT5813,KLAX,KASE,Phenom 300,17,3,3
2026-03-12,2026-03-12 07:05:15.667087,PVT6372,KLAX,KSFO,Learjet 75,7,3,3
2026-03-12,2026-03-12 15:19:15.667087,PVT8305,KTEB,KMIA,Challenger 350,15,3,3
2026-03-12,2026-03-12 18:10:15.667087,PVT8272,KBOS,KJFK,Phenom 300,18,3,3
2026-03-12,2026-03-12 19:02:15.667087,PVT6776,KORD,KDEN,Challenger 350,19,3,3
2026-03-12,2026-03-12 11:17:15.667087,PVT1939,KBOS,KJFK,Citation XLS,11,3,3
2026-03-12,2026-03-12 18:23:15.667087,PVT9406,KBOS,KJFK,Learjet 75,18,3,3
2026-03-12,2026-03-12 09:01:15.667087,PVT3339,KLAX,KASE,Challenger 350,9,3,3
2026-03-12,2026-03-12 19:02:15.667087,PVT3068,KORD,KDEN,Citation XLS,19,3,3
2026-03-12,2026-03-12 09:49:15.667087,PVT7001,KTEB,KPBI,Phenom 300,9,3,3
2026-03-12,2026-03-12 12:36:15.667087,PVT1530,KBOS,KJFK,Challenger 350,12,3,3
2026-03-12,2026-03-12 18:43:15.667087,PVT8371,KLAX,KASE,Phenom 300,18,3,3
2026-03-12,2026-03-12 09:28:15.667087,PVT2259,KPDK,KBHM,Challenger 350,9,3,3
2026-03-13,2026-03-13 17:33:15.667087,PVT7012,KLAX,KASE,King Air 350,17,4,3
2026-03-13,2026-03-13 16:41:15.667087,PVT5566,KPDK,KBHM,Gulfstream G450,16,4,3
2026-03-13,2026-03-13 17:01:15.667087,PVT4048,KLAX,KSFO,King Air 350,17,4,3
2026-03-13,2026-03-13 14:24:15.667087,PVT2929,KDAL,KHOU,Phenom 300,14,4,3
2026-03-13,2026-03-13 10:45:15.667087,PVT8311,KTEB,KMIA,Gulfstream G450,10,4,3
2026-03-13,2026-03-13 12:44:15.667087,PVT9047,KTEB,KMIA,Gulfstream G450,12,4,3
2026-03-13,2026-03-13 10:08:15.667087,PVT2213,KLAX,KSFO,King Air 350,10,4,3
2026-03-13,2026-03-13 19:57:15.667087,PVT8292,KLAX,KASE,Citation XLS,19,4,3
2026-03-13,2026-03-13 15:42:15.667087,PVT6692,KPDK,KBHM,Learjet 75,15,4,3
2026-03-13,2026-03-13 12:35:15.667087,PVT9882,KLAX,KSFO,Phenom 300,12,4,3
2026-03-13,2026-03-13 13:54:15.667087,PVT3580,KTEB,KMIA,Learjet 75,13,4,3
2026-03-13,2026-03-13 20:50:15.667087,PVT6922,KLAX,KASE,Challenger 350,20,4,3
2026-03-14,2026-03-14 19:07:15.667087,PVT4292,KTEB,KPBI,Gulfstream G450,19,5,3
2026-03-14,2026-03-14 20:50:15.667087,PVT9094,KTEB,KPBI,Citation XLS,20,5,3
2026-03-14,2026-03-14 15:35:15.667087,PVT7044,KPDK,KBHM,King Air 350,15,5,3
2026-03-14,2026-03-14 17:08:15.667087,PVT2412,KDAL,KHOU,Citation XLS,17,5,3
2026-03-15,2026-03-15 21:25:15.667087,PVT8842,KTEB,KMIA,Challenger 350,21,6,3
2026-03-15,2026-03-15 18:49:15.667087,PVT7708,KBOS,KJFK,Challenger 350,18,6,3
2026-03-15,2026-03-15 09:08:15.667087,PVT6194,KLAX,KSFO,Learjet 75,9,6,3
2026-03-15,2026-03-15 20:28:15.667087,PVT8632,KLAX,KSFO,Learjet 75,20,6,3
2026-03-15,2026-03-15 19:22:15.667087,PVT3102,KDAL,KHOU,Challenger 350,19,6,3
2026-03-15,2026-03-15 14:49:15.667087,PVT3114,KLAX,KASE,King Air 350,14,6,3
2026-03-15,2026-03-15 15:58:15.667087,PVT1907,KDAL,KHOU,Citation XLS,15,6,3
2026-03-15,2026-03-15 12:09:15.667087,PVT5982,KDAL,KHOU,Gulfstream G450,12,6,3
2026-03-15,2026-03-15 08:20:15.667087,PVT4694,KLAX,KASE,Phenom 300,8,6,3
2026-03-15,2026-03-15 11:57:15.667087,PVT5653,KDAL,KHOU,Citation XLS,11,6,3
2026-03-16,2026-03-16 11:12:15.667087,PVT5496,KTEB,KMIA,Gulfstream G450,11,0,3
2026-03-16,2026-03-16 12:39:15.667087,PVT9740,KTEB,KMIA,Citation XLS,12,0,3
2026-03-16,2026-03-16 14:41:15.667087,PVT3762,KDAL,KHOU,Challenger 350,14,0,3
2026-03-16,2026-03-16 20:10:15.667087,PVT6531,KLAX,KASE,Challenger 350,20,0,3
2026-03-16,2026-03-16 12:52:15.667087,PVT1464,KLAX,KLAS,Citation XLS,12,0,3
2026-03-16,2026-03-16 12:41:15.667087,PVT5336,KLAX,KLAS,Learjet 75,12,0,3
2026-03-16,2026-03-16 17:49:15.667087,PVT7825,KTEB,KPBI,Challenger 350,17,0,3
2026-03-16,2026-03-16 13:31:15.667087,PVT9938,KLAX,KLAS,Phenom 300,13,0,3
2026-03-16,2026-03-16 10:30:15.667087,PVT5012,KTEB,KMIA,Learjet 75,10,0,3
2026-03-16,2026-03-16 13:19:15.667087,PVT8430,KBOS,KJFK,Citation XLS,13,0,3
2026-03-16,2026-03-16 09:10:15.667087,PVT8202,KLAX,KLAS,King Air 350,9,0,3
2026-03-16,2026-03-16 10:29:15.667087,PVT4342,KORD,KDEN,Phenom 300,10,0,3
2026-03-16,2026-03-16 13:20:15.667087,PVT6231,KLAX,KASE,Learjet 75,13,0,3
2026-03-16,2026-03-16 12:25:15.667087,PVT3142,KPDK,KBHM,Phenom 300,12,0,3
2026-03-16,2026-03-16 20:35:15.667087,PVT2739,KDAL,KHOU,Phenom 300,20,0,3
2026-03-16,2026-03-16 12:29:15.667087,PVT3007,KTEB,KPBI,Phenom 300,12,0,3
2026-03-16,2026-03-16 15:15:15.667087,PVT3308,KORD,KDEN,Citation XLS,15,0,3
2026-03-16,2026-03-16 16:18:15.667087,PVT7293,KLAX,KLAS,Challenger 350,16,0,3
2026-03-16,2026-03-16 06:15:15.667087,PVT3616,KBOS,KJFK,Phenom 300,6,0,3
2026-03-17,2026-03-17 15:12:15.667087,PVT3610,KPDK,KBHM,King Air 350,15,1,3
2026-03-17,2026-03-17 08:29:15.667087,PVT9171,KDAL,KHOU,Phenom 300,8,1,3
2026-03-17,2026-03-17 17:01:15.667087,PVT2475,KORD,KDEN,King Air 350,17,1,3
2026-03-17,2026-03-17 10:29:15.667087,PVT4944,KDAL,KHOU,Gulfstream G450,10,1,3
2026-03-17,2026-03-17 19:03:15.667087,PVT1828,KPDK,KBHM,Phenom 300,19,1,3
2026-03-17,2026-03-17 10:38:15.667087,PVT8710,KORD,KDEN,Phenom 300,10,1,3
2026-03-17,2026-03-17 10:00:15.667087,PVT2761,KDAL,KHOU,King Air 350,10,1,3
2026-03-18,2026-03-18 14:56:15.667087,PVT5333,KLAX,KASE,Learjet 75,14,2,3
2026-03-18,2026-03-18 13:48:15.667087,PVT7606,KPDK,KBHM,Phenom 300,13,2,3
2026-03-18,2026-03-18 12:25:15.667087,PVT1838,KLAX,KLAS,Challenger 350,12,2,3
2026-03-18,2026-03-18 15:12:15.667087,PVT6939,KDAL,KHOU,Challenger 350,15,2,3
2026-03-18,2026-03-18 09:04:15.667087,PVT7329,KTEB,KMIA,Challenger 350,9,2,3
2026-03-19,2026-03-19 20:48:15.667087,PVT5582,KORD,KDEN,Challenger 350,20,3,3
2026-03-19,2026-03-19 12:08:15.667087,PVT2584,KLAX,KSFO,King Air 350,12,3,3
2026-03-19,2026-03-19 11:50:15.667087,PVT6555,KPDK,KBHM,Challenger 350,11,3,3
2026-03-19,2026-03-19 16:48:15.667087,PVT3363,KPDK,KBHM,Gulfstream G450,16,3,3
2026-03-19,2026-03-19 12:25:15.667087,PVT9193,KDAL,KHOU,Citation XLS,12,3,3
2026-03-19,2026-03-19 07:02:15.667087,PVT3245,KLAX,KLAS,Learjet 75,7,3,3
2026-03-19,2026-03-19 09:51:15.667087,PVT8761,KPDK,KBHM,Challenger 350,9,3,3
2026-03-19,2026-03-19 17:09:15.667087,PVT9446,KORD,KDEN,Gulfstream G450,17,3,3
2026-03-19,2026-03-19 16:59:15.667087,PVT6218,KPDK,KBHM,Gulfstream G450,16,3,3
2026-03-19,2026-03-19 07:39:15.667087,PVT5902,KBOS,KJFK,Challenger 350,7,3,3
2026-03-19,2026-03-19 10:32:15.667087,PVT9351,KPDK,KBHM,Challenger 350,10,3,3
2026-03-20,2026-03-20 07:45:15.667087,PVT5911,KORD,KDEN,King Air 350,7,4,3
2026-03-20,2026-03-20 09:23:15.667087,PVT6427,KLAX,KLAS,Learjet 75,9,4,3
2026-03-20,2026-03-20 18:26:15.667087,PVT6040,KLAX,KSFO,Learjet 75,18,4,3
2026-03-20,2026-03-20 10:38:15.667087,PVT8775,KLAX,KLAS,Phenom 300,10,4,3
2026-03-20,2026-03-20 16:46:15.667087,PVT1841,KTEB,KPBI,Challenger 350,16,4,3
2026-03-20,2026-03-20 10:10:15.667087,PVT9589,KORD,KDEN,Learjet 75,10,4,3
2026-03-20,2026-03-20 08:09:15.667087,PVT4968,KBOS,KJFK,Citation XLS,8,4,3
2026-03-20,2026-03-20 10:12:15.667087,PVT1310,KLAX,KSFO,King Air 350,10,4,3
2026-03-20,2026-03-20 17:26:15.667087,PVT3481,KPDK,KBHM,King Air 350,17,4,3
2026-03-20,2026-03-20 19:26:15.667087,PVT9221,KTEB,KPBI,Challenger 350,19,4,3
2026-03-20,2026-03-20 18:55:15.667087,PVT2020,KORD,KDEN,Learjet 75,18,4,3
2026-03-20,2026-03-20 12:33:15.667087,PVT4397,KLAX,KASE,Challenger 350,12,4,3
2026-03-21,2026-03-21 08:42:15.667087,PVT8837,KPDK,KBHM,Challenger 350,8,5,3
2026-03-21,2026-03-21 10:20:15.667087,PVT3837,KBOS,KJFK,King Air 350,10,5,3
2026-03-21,2026-03-21 07:21:15.667087,PVT9950,KDAL,KHOU,Phenom 300,7,5,3
2026-03-21,2026-03-21 10:39:15.667087,PVT8932,KTEB,KMIA,Gulfstream G450,10,5,3
2026-03-22,2026-03-22 16:17:15.667087,PVT5890,KTEB,KPBI,Gulfstream G450,16,6,3
2026-03-22,2026-03-22 12:49:15.667087,PVT5735,KTEB,KMIA,Learjet 75,12,6,3
2026-03-22,2026-03-22 15:44:15.667087,PVT9011,KTEB,KPBI,Phenom 300,15,6,3
2026-03-22,2026-03-22 13:22:15.667087,PVT5480,KORD,KDEN,Phenom 300,13,6,3
2026-03-22,2026-03-22 11:36:15.667087,PVT9899,KLAX,KSFO,King Air 350,11,6,3
2026-03-22,2026-03-22 20:52:15.667087,PVT6654,KBOS,KJFK,Gulfstream G450,20,6,3
2026-03-22,2026-03-22 18:02:15.667087,PVT5712,KTEB,KMIA,Learjet 75,18,6,3
2026-03-22,2026-03-22 09:22:15.667087,PVT8247,KLAX,KSFO,Learjet 75,9,6,3
2026-03-23,2026-03-23 19:47:15.667087,PVT8849,KTEB,KMIA,Gulfstream G450,19,0,3
2026-03-23,2026-03-23 18:52:15.667087,PVT9824,KTEB,KPBI,Phenom 300,18,0,3
2026-03-23,2026-03-23 12:44:15.667087,PVT5450,KDAL,KHOU,Gulfstream G450,12,0,3
2026-03-23,2026-03-23 07:39:15.667087,PVT4920,KLAX,KSFO,Gulfstream G450,7,0,3
2026-03-23,2026-03-23 11:42:15.667087,PVT9700,KLAX,KLAS,Gulfstream G450,11,0,3
2026-03-23,2026-03-23 14:03:15.667087,PVT2641,KTEB,KPBI,King Air 350,14,0,3
2026-03-23,2026-03-23 16:45:15.667087,PVT8739,KPDK,KBHM,Citation XLS,16,0,3
2026-03-23,2026-03-23 10:00:15.667087,PVT3587,KLAX,KASE,King Air 350,10,0,3
2026-03-23,2026-03-23 09:30:15.667087,PVT4267,KORD,KDEN,Phenom 300,9,0,3
2026-03-23,2026-03-23 18:18:15.667087,PVT1969,KPDK,KBHM,Citation XLS,18,0,3
2026-03-23,2026-03-23 21:34:15.667087,PVT1611,KTEB,KPBI,Gulfstream G450,21,0,3
2026-03-23,2026-03-23 14:56:15.667087,PVT3880,KBOS,KJFK,Citation XLS,14,0,3
2026-03-23,2026-03-23 09:50:15.667087,PVT9116,KBOS,KJFK,Gulfstream G450,9,0,3
2026-03-23,2026-03-23 11:56:15.667087,PVT1613,KTEB,KMIA,Citation XLS,11,0,3
2026-03-23,2026-03-23 07:36:15.667087,PVT2758,KTEB,KMIA,Phenom 300,7,0,3
2026-03-23,2026-03-23 20:29:15.667087,PVT9901,KTEB,KMIA,Challenger 350,20,0,3
2026-03-23,2026-03-23 09:56:15.667087,PVT3198,KORD,KDEN,Challenger 350,9,0,3
2026-03-23,2026-03-23 15:17:15.667087,PVT4159,KORD,KDEN,Citation XLS,15,0,3
2026-03-23,2026-03-23 11:10:15.667087,PVT8518,KPDK,KBHM,Learjet 75,11,0,3
2026-03-23,2026-03-23 15:45:15.667087,PVT4050,KTEB,KMIA,Citation XLS,15,0,3
2026-03-24,2026-03-24 19:50:15.667087,PVT5833,KPDK,KBHM,Challenger 350,19,1,3
2026-03-24,2026-03-24 19:11:15.667087,PVT7643,KTEB,KPBI,King Air 350,19,1,3
2026-03-24,2026-03-24 15:20:15.667087,PVT2421,KDAL,KHOU,King Air 350,15,1,3
2026-03-24,2026-03-24 15:11:15.667087,PVT3303,KLAX,KSFO,King Air 350,15,1,3
2026-03-25,2026-03-25 17:59:15.667087,PVT5064,KPDK,KBHM,Citation XLS,17,2,3
2026-03-25,2026-03-25 08:24:15.667087,PVT4858,KTEB,KMIA,King Air 350,8,2,3
2026-03-25,2026-03-25 15:21:15.667087,PVT5947,KTEB,KMIA,Challenger 350,15,2,3
2026-03-25,2026-03-25 10:16:15.667087,PVT6890,KLAX,KLAS,Learjet 75,10,2,3
2026-03-25,2026-03-25 12:03:15.667087,PVT2936,KTEB,KPBI,King Air 350,12,2,3
2026-03-25,2026-03-25 11:10:15.667087,PVT7642,KTEB,KMIA,Learjet 75,11,2,3
2026-03-25,2026-03-25 12:59:15.667087,PVT6095,KDAL,KHOU,Learjet 75,12,2,3
2026-03-26,2026-03-26 15:40:15.667087,PVT5833,KLAX,KSFO,Phenom 300,15,3,3
2026-03-26,2026-03-26 13:14:15.667087,PVT3188,KTEB,KPBI,King Air 350,13,3,3
2026-03-26,2026-03-26 16:29:15.667087,PVT7121,KLAX,KASE,King Air 350,16,3,3
2026-03-26,2026-03-26 20:58:15.667087,PVT8714,KDAL,KHOU,Challenger 350,20,3,3
2026-03-26,2026-03-26 17:48:15.667087,PVT5054,KTEB,KPBI,Learjet 75,17,3,3
2026-03-26,2026-03-26 10:33:15.667087,PVT8319,KLAX,KSFO,Challenger 350,10,3,3
2026-03-26,2026-03-26 07:04:15.667087,PVT2838,KPDK,KBHM,Citation XLS,7,3,3
2026-03-26,2026-03-26 11:57:15.667087,PVT9281,KDAL,KHOU,Gulfstream G450,11,3,3
2026-03-26,2026-03-26 15:09:15.667087,PVT3695,KDAL,KHOU,Phenom 300,15,3,3
2026-03-26,2026-03-26 07:28:15.667087,PVT2904,KDAL,KHOU,Learjet 75,7,3,3
2026-03-26,2026-03-26 13:45:15.667087,PVT9008,KTEB,KPBI,Citation XLS,13,3,3
2026-03-26,2026-03-26 15:28:15.667087,PVT1911,KDAL,KHOU,King Air 350,15,3,3
2026-03-26,2026-03-26 11:32:15.667087,PVT7806,KLAX,KASE,King Air 350,11,3,3
2026-03-26,2026-03-26 18:35:15.667087,PVT8575,KLAX,KLAS,Learjet 75,18,3,3
2026-03-26,2026-03-26 09:46:15.667087,PVT1356,KTEB,KMIA,King Air 350,9,3,3
2026-03-26,2026-03-26 08:52:15.667087,PVT1049,KTEB,KMIA,Learjet 75,8,3,3
2026-03-26,2026-03-26 17:37:15.667087,PVT2196,KTEB,KPBI,Citation XLS,17,3,3
2026-03-26,2026-03-26 13:22:15.667087,PVT2044,KBOS,KJFK,Challenger 350,13,3,3
2026-03-27,2026-03-27 10:59:15.667087,PVT2130,KLAX,KLAS,King Air 350,10,4,3
2026-03-27,2026-03-27 18:18:15.667087,PVT7698,KLAX,KLAS,Gulfstream G450,18,4,3
2026-03-27,2026-03-27 18:49:15.667087,PVT7887,KLAX,KASE,Phenom 300,18,4,3
2026-03-27,2026-03-27 17:28:15.667087,PVT7184,KBOS,KJFK,King Air 350,17,4,3
2026-03-27,2026-03-27 11:43:15.667087,PVT9835,KLAX,KSFO,Gulfstream G450,11,4,3
2026-03-27,2026-03-27 15:07:15.667087,PVT3924,KPDK,KBHM,Challenger 350,15,4,3
2026-03-27,2026-03-27 12:33:15.667087,PVT3086,KBOS,KJFK,Learjet 75,12,4,3
2026-03-27,2026-03-27 08:53:15.667087,PVT1056,KTEB,KPBI,Citation XLS,8,4,3
2026-03-27,2026-03-27 20:29:15.667087,PVT9920,KTEB,KMIA,King Air 350,20,4,3
2026-03-27,2026-03-27 09:24:15.667087,PVT4762,KDAL,KHOU,Gulfstream G450,9,4,3
2026-03-27,2026-03-27 20:22:15.667087,PVT3541,KORD,KDEN,Phenom 300,20,4,3
2026-03-27,2026-03-27 13:59:15.667087,PVT2848,KTEB,KPBI,Citation XLS,13,4,3
2026-03-27,2026-03-27 10:39:15.667087,PVT1256,KBOS,KJFK,Gulfstream G450,10,4,3
2026-03-27,2026-03-27 14:04:15.667087,PVT2653,KTEB,KPBI,Challenger 350,14,4,3
2026-03-27,2026-03-27 19:28:15.667087,PVT1797,KLAX,KLAS,Gulfstream G450,19,4,3
2026-03-27,2026-03-27 17:25:15.667087,PVT8191,KLAX,KLAS,Gulfstream G450,17,4,3
2026-03-27,2026-03-27 18:13:15.667087,PVT1924,KDAL,KHOU,Gulfstream G450,18,4,3
2026-03-28,2026-03-28 17:18:15.667087,PVT4836,KDAL,KHOU,Learjet 75,17,5,3
2026-03-28,2026-03-28 20:36:15.667087,PVT6253,KPDK,KBHM,Gulfstream G450,20,5,3
2026-03-28,2026-03-28 10:56:15.667087,PVT3347,KTEB,KMIA,Learjet 75,10,5,3
2026-03-28,2026-03-28 15:14:15.667087,PVT7775,KDAL,KHOU,Phenom 300,15,5,3
2026-03-28,2026-03-28 20:03:15.667087,PVT3869,KTEB,KMIA,Learjet 75,20,5,3
2026-03-28,2026-03-28 07:35:15.667087,PVT9120,KBOS,KJFK,Citation XLS,7,5,3
2026-03-28,2026-03-28 17:41:15.667087,PVT7244,KPDK,KBHM,Challenger 350,17,5,3
2026-03-28,2026-03-28 11:44:15.667087,PVT7821,KPDK,KBHM,King Air 350,11,5,3
2026-03-29,2026-03-29 10:19:15.667087,PVT7167,KLAX,KASE,Gulfstream G450,10,6,3
2026-03-29,2026-03-29 09:30:15.667087,PVT4948,KDAL,KHOU,Gulfstream G450,9,6,3
2026-03-29,2026-03-29 08:54:15.667087,PVT3365,KTEB,KMIA,King Air 350,8,6,3
2026-03-29,2026-03-29 17:35:15.667087,PVT7761,KLAX,KLAS,King Air 350,17,6,3
2026-03-29,2026-03-29 11:33:15.667087,PVT3196,KDAL,KHOU,King Air 350,11,6,3
2026-03-29,2026-03-29 17:16:15.667087,PVT4331,KTEB,KPBI,Phenom 300,17,6,3
2026-03-29,2026-03-29 08:59:15.667087,PVT8369,KLAX,KSFO,Phenom 300,8,6,3
2026-03-29,2026-03-29 11:34:15.667087,PVT4120,KLAX,KSFO,Citation XLS,11,6,3
2026-03-29,2026-03-29 14:24:15.667087,PVT1647,KTEB,KMIA,Citation XLS,14,6,3
2026-03-30,2026-03-30 16:51:15.667087,PVT4555,KTEB,KPBI,King Air 350,16,0,3
2026-03-30,2026-03-30 19:55:15.667087,PVT6455,KTEB,KPBI,Phenom 300,19,0,3
2026-03-30,2026-03-30 16:13:15.667087,PVT4113,KLAX,KLAS,Learjet 75,16,0,3
2026-03-30,2026-03-30 10:47:15.667087,PVT8846,KLAX,KSFO,Gulfstream G450,10,0,3
2026-03-30,2026-03-30 07:25:15.667087,PVT4921,KTEB,KPBI,Challenger 350,7,0,3
2026-03-30,2026-03-30 19:49:15.667087,PVT5637,KPDK,KBHM,King Air 350,19,0,3
2026-03-30,2026-03-30 07:34:15.667087,PVT6886,KORD,KDEN,Phenom 300,7,0,3
2026-03-30,2026-03-30 19:23:15.667087,PVT9401,KTEB,KMIA,King Air 350,19,0,3
2026-03-30,2026-03-30 14:06:15.667087,PVT8692,KORD,KDEN,Phenom 300,14,0,3
2026-03-30,2026-03-30 20:23:15.667087,PVT6126,KTEB,KPBI,King Air 350,20,0,3
2026-03-30,2026-03-30 18:36:15.667087,PVT4625,KLAX,KLAS,Learjet 75,18,0,3
2026-03-30,2026-03-30 21:01:15.667087,PVT5272,KLAX,KASE,Challenger 350,21,0,3
2026-03-30,2026-03-30 12:18:15.667087,PVT3497,KBOS,KJFK,Gulfstream G450,12,0,3
2026-03-30,2026-03-30 18:14:15.667087,PVT7223,KPDK,KBHM,Challenger 350,18,0,3
2026-03-30,2026-03-30 12:31:15.667087,PVT6530,KTEB,KPBI,Phenom 300,12,0,3
2026-03-30,2026-03-30 13:46:15.667087,PVT9037,KORD,KDEN,King Air 350,13,0,3
2026-03-30,2026-03-30 16:46:15.667087,PVT6770,KLAX,KASE,Gulfstream G450,16,0,3
2026-03-30,2026-03-30 19:46:15.667087,PVT9954,KLAX,KASE,King Air 350,19,0,3
2026-03-30,2026-03-30 21:58:15.667087,PVT9882,KLAX,KASE,Learjet 75,21,0,3
2026-03-31,2026-03-31 11:33:15.667087,PVT1554,KLAX,KLAS,Citation XLS,11,1,3
2026-03-31,2026-03-31 10:48:15.667087,PVT1104,KLAX,KLAS,King Air 350,10,1,3
2026-03-31,2026-03-31 07:53:15.667087,PVT4791,KLAX,KASE,Citation XLS,7,1,3
2026-03-31,2026-03-31 07:00:15.667087,PVT4583,KLAX,KASE,Challenger 350,7,1,3
2026-03-31,2026-03-31 21:23:15.667087,PVT1990,KORD,KDEN,Challenger 350,21,1,3
2026-03-31,2026-03-31 12:42:15.667087,PVT8993,KORD,KDEN,Citation XLS,12,1,3
2026-03-31,2026-03-31 12:34:15.667087,PVT7739,KLAX,KLAS,Citation XLS,12,1,3
2026-04-01,2026-04-01 21:33:15.667087,PVT5501,KLAX,KLAS,Challenger 350,21,2,4
2026-04-01,2026-04-01 10:01:15.667087,PVT9228,KTEB,KMIA,Learjet 75,10,2,4
2026-04-01,2026-04-01 20:51:15.667087,PVT3937,KBOS,KJFK,Citation XLS,20,2,4
2026-04-01,2026-04-01 16:33:15.667087,PVT3439,KLAX,KSFO,Gulfstream G450,16,2,4
2026-04-01,2026-04-01 16:39:15.667087,PVT9625,KTEB,KPBI,Phenom 300,16,2,4
2026-04-01,2026-04-01 14:17:15.667087,PVT7502,KPDK,KBHM,Citation XLS,14,2,4
2026-04-01,2026-04-01 10:25:15.667087,PVT8520,KPDK,KBHM,Challenger 350,10,2,4
2026-04-01,2026-04-01 10:44:15.667087,PVT4700,KTEB,KPBI,Phenom 300,10,2,4
2026-04-01,2026-04-01 10:41:15.667087,PVT1519,KLAX,KSFO,Citation XLS,10,2,4
2026-04-01,2026-04-01 10:24:15.667087,PVT7179,KBOS,KJFK,Challenger 350,10,2,4
2026-04-02,2026-04-02 08:03:15.667087,PVT1154,KORD,KDEN,Learjet 75,8,3,4
2026-04-02,2026-04-02 21:05:15.667087,PVT9189,KLAX,KASE,King Air 350,21,3,4
2026-04-02,2026-04-02 19:36:15.667087,PVT2562,KPDK,KBHM,Challenger 350,19,3,4
2026-04-02,2026-04-02 20:14:15.667087,PVT4463,KLAX,KLAS,Learjet 75,20,3,4
2026-04-02,2026-04-02 21:17:15.667087,PVT1762,KORD,KDEN,Citation XLS,21,3,4
2026-04-02,2026-04-02 10:57:15.667087,PVT9897,KTEB,KMIA,Challenger 350,10,3,4
2026-04-02,2026-04-02 12:11:15.667087,PVT6152,KLAX,KLAS,Citation XLS,12,3,4
2026-04-02,2026-04-02 17:37:15.667087,PVT3362,KTEB,KPBI,Learjet 75,17,3,4
2026-04-02,2026-04-02 17:59:15.667087,PVT2260,KBOS,KJFK,Phenom 300,17,3,4
2026-04-02,2026-04-02 09:36:15.667087,PVT4939,KLAX,KASE,Challenger 350,9,3,4
2026-04-02,2026-04-02 18:43:15.667087,PVT9856,KBOS,KJFK,Phenom 300,18,3,4
2026-04-02,2026-04-02 10:48:15.667087,PVT3292,KBOS,KJFK,Learjet 75,10,3,4
2026-04-02,2026-04-02 10:32:15.667087,PVT6666,KLAX,KSFO,Citation XLS,10,3,4
2026-04-02,2026-04-02 14:27:15.667087,PVT4803,KLAX,KSFO,Citation XLS,14,3,4
2026-04-02,2026-04-02 15:38:15.667087,PVT7499,KPDK,KBHM,Phenom 300,15,3,4
2026-04-02,2026-04-02 15:40:15.667087,PVT5478,KLAX,KLAS,King Air 350,15,3,4
2026-04-02,2026-04-02 08:14:15.667087,PVT6829,KORD,KDEN,Challenger 350,8,3,4
2026-04-02,2026-04-02 19:27:15.667087,PVT4043,KBOS,KJFK,Learjet 75,19,3,4
2026-04-03,2026-04-03 19:05:15.667087,PVT5839,KBOS,KJFK,Gulfstream G450,19,4,4
2026-04-03,2026-04-03 20:05:15.667087,PVT5390,KLAX,KSFO,Gulfstream G450,20,4,4
2026-04-03,2026-04-03 19:45:15.667087,PVT3527,KBOS,KJFK,Learjet 75,19,4,4
2026-04-03,2026-04-03 18:20:15.667087,PVT6909,KBOS,KJFK,Citation XLS,18,4,4
2026-04-03,2026-04-03 16:00:15.667087,PVT6050,KLAX,KSFO,King Air 350,16,4,4
2026-04-03,2026-04-03 14:48:15.667087,PVT5419,KPDK,KBHM,Citation XLS,14,4,4
2026-04-03,2026-04-03 08:05:15.667087,PVT4070,KLAX,KASE,King Air 350,8,4,4
2026-04-03,2026-04-03 12:35:15.667087,PVT9395,KORD,KDEN,King Air 350,12,4,4
2026-04-03,2026-04-03 12:01:15.667087,PVT2468,KLAX,KSFO,Phenom 300,12,4,4
2026-04-03,2026-04-03 11:05:15.667087,PVT6315,KDAL,KHOU,King Air 350,11,4,4
2026-04-03,2026-04-03 17:18:15.667087,PVT7779,KLAX,KLAS,King Air 350,17,4,4
2026-04-03,2026-04-03 13:46:15.667087,PVT4977,KLAX,KSFO,Challenger 350,13,4,4
2026-04-04,2026-04-04 19:10:15.667087,PVT7237,KDAL,KHOU,Gulfstream G450,19,5,4
2026-04-04,2026-04-04 13:17:15.667087,PVT5933,KLAX,KASE,Phenom 300,13,5,4
2026-04-04,2026-04-04 13:09:15.667087,PVT2036,KORD,KDEN,Gulfstream G450,13,5,4
2026-04-05,2026-04-05 17:17:15.667087,PVT7899,KBOS,KJFK,Phenom 300,17,6,4
2026-04-05,2026-04-05 16:50:15.667087,PVT2260,KORD,KDEN,Phenom 300,16,6,4
2026-04-05,2026-04-05 17:15:15.667087,PVT9123,KTEB,KMIA,Challenger 350,17,6,4
2026-04-05,2026-04-05 09:29:15.667087,PVT2752,KTEB,KPBI,Gulfstream G450,9,6,4
2026-04-05,2026-04-05 19:00:15.667087,PVT7483,KTEB,KMIA,Phenom 300,19,6,4
2026-04-05,2026-04-05 19:51:15.667087,PVT6399,KBOS,KJFK,King Air 350,19,6,4
2026-04-05,2026-04-05 07:27:15.667087,PVT3230,KPDK,KBHM,Phenom 300,7,6,4
2026-04-05,2026-04-05 18:38:15.667087,PVT4290,KPDK,KBHM,King Air 350,18,6,4
2026-04-05,2026-04-05 09:11:15.667087,PVT7524,KPDK,KBHM,Phenom 300,9,6,4
2026-04-05,2026-04-05 11:47:15.667087,PVT9044,KTEB,KMIA,Challenger 350,11,6,4
2026-04-05,2026-04-05 17:20:15.667087,PVT7161,KTEB,KPBI,Phenom 300,17,6,4
2026-04-05,2026-04-05 09:23:15.667087,PVT2865,KBOS,KJFK,Challenger 350,9,6,4
2026-04-05,2026-04-05 18:37:15.667087,PVT9939,KTEB,KPBI,Gulfstream G450,18,6,4
2026-04-06,2026-04-06 06:01:15.667087,PVT8563,KDAL,KHOU,Learjet 75,6,0,4
2026-04-06,2026-04-06 11:28:15.667087,PVT5773,KTEB,KPBI,Learjet 75,11,0,4
2026-04-06,2026-04-06 16:52:15.667087,PVT7703,KLAX,KSFO,Learjet 75,16,0,4
2026-04-06,2026-04-06 21:08:15.667087,PVT5961,KORD,KDEN,Gulfstream G450,21,0,4
2026-04-06,2026-04-06 16:42:15.667087,PVT3525,KTEB,KMIA,Learjet 75,16,0,4
2026-04-06,2026-04-06 11:50:15.667087,PVT7176,KBOS,KJFK,Citation XLS,11,0,4
2026-04-06,2026-04-06 16:38:15.667087,PVT8851,KORD,KDEN,Challenger 350,16,0,4
2026-04-06,2026-04-06 14:34:15.667087,PVT9300,KBOS,KJFK,Learjet 75,14,0,4
2026-04-06,2026-04-06 18:34:15.667087,PVT1602,KBOS,KJFK,Phenom 300,18,0,4
2026-04-06,2026-04-06 09:38:15.667087,PVT2392,KDAL,KHOU,Citation XLS,9,0,4
2026-04-06,2026-04-06 18:42:15.667087,PVT6816,KTEB,KPBI,Gulfstream G450,18,0,4
2026-04-06,2026-04-06 14:36:15.667087,PVT7547,KLAX,KLAS,Phenom 300,14,0,4
2026-04-06,2026-04-06 20:06:15.667087,PVT1172,KBOS,KJFK,Citation XLS,20,0,4
2026-04-06,2026-04-06 11:14:15.667087,PVT9366,KTEB,KMIA,Learjet 75,11,0,4
2026-04-06,2026-04-06 16:35:15.667087,PVT4621,KDAL,KHOU,King Air 350,16,0,4
2026-04-06,2026-04-06 20:25:15.667087,PVT8586,KPDK,KBHM,Learjet 75,20,0,4
2026-04-06,2026-04-06 08:09:15.667087,PVT6651,KDAL,KHOU,Citation XLS,8,0,4
2026-04-06,2026-04-06 20:06:15.667087,PVT5840,KORD,KDEN,King Air 350,20,0,4
2026-04-06,2026-04-06 17:07:15.667087,PVT3321,KLAX,KSFO,Phenom 300,17,0,4
2026-04-07,2026-04-07 16:21:15.667087,PVT8460,KTEB,KMIA,Gulfstream G450,16,1,4
2026-04-07,2026-04-07 07:30:15.667087,PVT6706,KDAL,KHOU,King Air 350,7,1,4
2026-04-07,2026-04-07 19:28:15.667087,PVT8412,KLAX,KSFO,Phenom 300,19,1,4
2026-04-07,2026-04-07 21:19:15.667087,PVT1732,KLAX,KSFO,Learjet 75,21,1,4
2026-04-07,2026-04-07 21:01:15.667087,PVT6620,KLAX,KSFO,Learjet 75,21,1,4
2026-04-08,2026-04-08 11:43:15.667087,PVT3692,KLAX,KSFO,Learjet 75,11,2,4
2026-04-08,2026-04-08 13:33:15.667087,PVT3858,KTEB,KPBI,Challenger 350,13,2,4
2026-04-08,2026-04-08 18:21:15.667087,PVT7985,KLAX,KASE,King Air 350,18,2,4
2026-04-08,2026-04-08 17:51:15.667087,PVT7636,KTEB,KPBI,Learjet 75,17,2,4
2026-04-09,2026-04-09 21:11:15.667087,PVT8080,KLAX,KASE,King Air 350,21,3,4
2026-04-09,2026-04-09 12:47:15.667087,PVT4232,KLAX,KLAS,King Air 350,12,3,4
2026-04-09,2026-04-09 13:24:15.667087,PVT1072,KBOS,KJFK,Learjet 75,13,3,4
2026-04-09,2026-04-09 09:13:15.667087,PVT5560,KTEB,KPBI,Learjet 75,9,3,4
2026-04-09,2026-04-09 18:36:15.667087,PVT2667,KLAX,KSFO,Challenger 350,18,3,4
2026-04-09,2026-04-09 17:23:15.667087,PVT6340,KLAX,KASE,Gulfstream G450,17,3,4
2026-04-09,2026-04-09 10:07:15.667087,PVT5298,KORD,KDEN,Learjet 75,10,3,4
2026-04-09,2026-04-09 08:33:15.667087,PVT6134,KORD,KDEN,Challenger 350,8,3,4
2026-04-09,2026-04-09 17:39:15.667087,PVT7431,KBOS,KJFK,Challenger 350,17,3,4
2026-04-09,2026-04-09 16:22:15.667087,PVT6766,KLAX,KSFO,King Air 350,16,3,4
2026-04-09,2026-04-09 11:52:15.667087,PVT5873,KLAX,KASE,Challenger 350,11,3,4
2026-04-09,2026-04-09 20:43:15.667087,PVT3194,KLAX,KSFO,Phenom 300,20,3,4
2026-04-09,2026-04-09 09:15:15.667087,PVT6003,KLAX,KSFO,Citation XLS,9,3,4
2026-04-09,2026-04-09 13:23:15.667087,PVT3316,KLAX,KASE,Challenger 350,13,3,4
2026-04-10,2026-04-10 16:26:15.667087,PVT3258,KBOS,KJFK,Challenger 350,16,4,4
2026-04-10,2026-04-10 12:27:15.667087,PVT4043,KBOS,KJFK,King Air 350,12,4,4
2026-04-10,2026-04-10 11:44:15.667087,PVT3838,KDAL,KHOU,Challenger 350,11,4,4
2026-04-10,2026-04-10 21:31:15.667087,PVT5732,KLAX,KASE,Gulfstream G450,21,4,4
2026-04-10,2026-04-10 12:20:15.667087,PVT8389,KLAX,KASE,Challenger 350,12,4,4
2026-04-10,2026-04-10 19:55:15.667087,PVT6882,KLAX,KLAS,Citation XLS,19,4,4
2026-04-10,2026-04-10 10:08:15.667087,PVT4196,KORD,KDEN,King Air 350,10,4,4
2026-04-10,2026-04-10 10:32:15.667087,PVT9109,KDAL,KHOU,King Air 350,10,4,4
2026-04-10,2026-04-10 07:26:15.667087,PVT8272,KORD,KDEN,King Air 350,7,4,4
2026-04-10,2026-04-10 16:05:15.667087,PVT1505,KLAX,KASE,Gulfstream G450,16,4,4
2026-04-10,2026-04-10 12:02:15.667087,PVT5503,KTEB,KMIA,Gulfstream G450,12,4,4
2026-04-10,2026-04-10 19:18:15.667087,PVT3755,KDAL,KHOU,King Air 350,19,4,4
2026-04-10,2026-04-10 13:35:15.667087,PVT9369,KORD,KDEN,Citation XLS,13,4,4
2026-04-10,2026-04-10 21:17:15.667087,PVT9898,KLAX,KSFO,Phenom 300,21,4,4
2026-04-10,2026-04-10 10:52:15.667087,PVT1681,KDAL,KHOU,Learjet 75,10,4,4
2026-04-10,2026-04-10 19:34:15.667087,PVT4580,KORD,KDEN,King Air 350,19,4,4
2026-04-10,2026-04-10 18:47:15.667087,PVT5055,KLAX,KSFO,Phenom 300,18,4,4
2026-04-10,2026-04-10 18:28:15.667087,PVT5305,KLAX,KLAS,Phenom 300,18,4,4
2026-04-10,2026-04-10 18:28:15.667087,PVT2923,KLAX,KSFO,Gulfstream G450,18,4,4
2026-04-10,2026-04-10 18:51:15.667087,PVT6744,KTEB,KPBI,Learjet 75,18,4,4
2026-04-10,2026-04-10 16:10:15.667087,PVT3281,KBOS,KJFK,Gulfstream G450,16,4,4
2026-04-10,2026-04-10 09:51:15.667087,PVT1972,KTEB,KPBI,Challenger 350,9,4,4
2026-04-10,2026-04-10 07:34:15.667087,PVT5605,KPDK,KBHM,Challenger 350,7,4,4
2026-04-11,2026-04-11 12:10:15.667087,PVT6302,KDAL,KHOU,Learjet 75,12,5,4
2026-04-11,2026-04-11 10:18:15.667087,PVT5380,KTEB,KMIA,Challenger 350,10,5,4
2026-04-11,2026-04-11 13:08:15.667087,PVT7743,KLAX,KSFO,Citation XLS,13,5,4
2026-04-11,2026-04-11 08:55:15.667087,PVT3078,KTEB,KMIA,Learjet 75,8,5,4
2026-04-11,2026-04-11 15:15:15.667087,PVT3396,KLAX,KASE,Learjet 75,15,5,4
2026-04-11,2026-04-11 11:53:15.667087,PVT5055,KPDK,KBHM,Learjet 75,11,5,4
2026-04-12,2026-04-12 08:31:15.667087,PVT3329,KBOS,KJFK,Challenger 350,8,6,4
2026-04-12,2026-04-12 12:40:15.667087,PVT7786,KTEB,KMIA,King Air 350,12,6,4
2026-04-12,2026-04-12 13:04:15.667087,PVT2525,KORD,KDEN,King Air 350,13,6,4
2026-04-13,2026-04-13 17:47:15.667087,PVT5558,KDAL,KHOU,Learjet 75,17,0,4
2026-04-13,2026-04-13 19:29:15.667087,PVT8996,KPDK,KBHM,Phenom 300,19,0,4
2026-04-13,2026-04-13 18:55:15.667087,PVT2526,KLAX,KLAS,Learjet 75,18,0,4
2026-04-13,2026-04-13 07:40:15.667087,PVT6869,KORD,KDEN,Citation XLS,7,0,4
2026-04-13,2026-04-13 13:25:15.667087,PVT4568,KDAL,KHOU,King Air 350,13,0,4
2026-04-13,2026-04-13 09:31:15.667087,PVT5399,KTEB,KPBI,Phenom 300,9,0,4
2026-04-13,2026-04-13 10:21:15.667087,PVT9967,KTEB,KMIA,Challenger 350,10,0,4
2026-04-13,2026-04-13 21:36:15.667087,PVT8951,KLAX,KASE,Phenom 300,21,0,4
2026-04-13,2026-04-13 09:02:15.667087,PVT2631,KLAX,KLAS,Learjet 75,9,0,4
2026-04-13,2026-04-13 13:01:15.667087,PVT3035,KORD,KDEN,Gulfstream G450,13,0,4
2026-04-13,2026-04-13 16:29:15.667087,PVT1011,KORD,KDEN,King Air 350,16,0,4
2026-04-13,2026-04-13 17:44:15.667087,PVT3161,KTEB,KPBI,Learjet 75,17,0,4
2026-04-13,2026-04-13 15:10:15.667087,PVT5489,KTEB,KMIA,Citation XLS,15,0,4
2026-04-13,2026-04-13 06:16:15.667087,PVT2350,KPDK,KBHM,Phenom 300,6,0,4
2026-04-13,2026-04-13 11:03:15.667087,PVT7493,KLAX,KASE,Learjet 75,11,0,4
2026-04-13,2026-04-13 14:46:15.667087,PVT4836,KTEB,KMIA,King Air 350,14,0,4
2026-04-14,2026-04-14 12:45:15.667087,PVT2559,KLAX,KSFO,Citation XLS,12,1,4
2026-04-14,2026-04-14 09:30:15.667087,PVT2276,KTEB,KPBI,Gulfstream G450,9,1,4
2026-04-14,2026-04-14 15:33:15.667087,PVT8291,KTEB,KPBI,Citation XLS,15,1,4
2026-04-15,2026-04-15 20:44:15.667087,PVT6629,KLAX,KLAS,Citation XLS,20,2,4
2026-04-15,2026-04-15 08:44:15.667087,PVT3165,KBOS,KJFK,King Air 350,8,2,4
2026-04-15,2026-04-15 14:14:15.667087,PVT7276,KLAX,KSFO,Citation XLS,14,2,4
2026-04-15,2026-04-15 17:06:15.667087,PVT6133,KLAX,KSFO,Phenom 300,17,2,4
2026-04-15,2026-04-15 19:08:15.667087,PVT7270,KTEB,KMIA,Gulfstream G450,19,2,4
2026-04-15,2026-04-15 17:04:15.667087,PVT9691,KLAX,KASE,Challenger 350,17,2,4
2026-04-15,2026-04-15 18:39:15.667087,PVT3688,KLAX,KLAS,King Air 350,18,2,4
2026-04-16,2026-04-16 08:46:15.667087,PVT4490,KPDK,KBHM,Learjet 75,8,3,4
2026-04-16,2026-04-16 19:58:15.667087,PVT7745,KLAX,KASE,Challenger 350,19,3,4
2026-04-16,2026-04-16 14:55:15.667087,PVT4559,KORD,KDEN,Citation XLS,14,3,4
2026-04-16,2026-04-16 18:08:15.667087,PVT3017,KLAX,KSFO,Challenger 350,18,3,4
2026-04-16,2026-04-16 13:22:15.667087,PVT8035,KBOS,KJFK,Phenom 300,13,3,4
2026-04-16,2026-04-16 16:15:15.667087,PVT5537,KLAX,KASE,Learjet 75,16,3,4
2026-04-16,2026-04-16 14:15:15.667087,PVT5668,KLAX,KSFO,Learjet 75,14,3,4
2026-04-16,2026-04-16 17:54:15.667087,PVT5942,KLAX,KLAS,Gulfstream G450,17,3,4
2026-04-16,2026-04-16 08:38:15.667087,PVT9348,KDAL,KHOU,Gulfstream G450,8,3,4
2026-04-16,2026-04-16 08:18:15.667087,PVT1894,KBOS,KJFK,Gulfstream G450,8,3,4
2026-04-16,2026-04-16 10:24:15.667087,PVT2847,KORD,KDEN,Gulfstream G450,10,3,4
2026-04-16,2026-04-16 09:40:15.667087,PVT2163,KORD,KDEN,Challenger 350,9,3,4
2026-04-16,2026-04-16 19:23:15.667087,PVT6185,KLAX,KLAS,Gulfstream G450,19,3,4
2026-04-17,2026-04-17 18:55:15.667087,PVT7895,KBOS,KJFK,Phenom 300,18,4,4
2026-04-17,2026-04-17 16:43:15.667087,PVT3830,KDAL,KHOU,King Air 350,16,4,4
2026-04-17,2026-04-17 13:01:15.667087,PVT2106,KLAX,KSFO,Citation XLS,13,4,4
2026-04-17,2026-04-17 15:13:15.667087,PVT1652,KTEB,KMIA,Citation XLS,15,4,4
2026-04-17,2026-04-17 17:32:15.667087,PVT5693,KBOS,KJFK,Learjet 75,17,4,4
2026-04-17,2026-04-17 10:49:15.667087,PVT7806,KDAL,KHOU,King Air 350,10,4,4
2026-04-17,2026-04-17 21:05:15.667087,PVT9791,KBOS,KJFK,Challenger 350,21,4,4
2026-04-17,2026-04-17 21:17:15.667087,PVT2369,KLAX,KASE,Phenom 300,21,4,4
2026-04-17,2026-04-17 16:32:15.667087,PVT4329,KLAX,KSFO,Gulfstream G450,16,4,4
2026-04-17,2026-04-17 10:20:15.667087,PVT7401,KDAL,KHOU,Challenger 350,10,4,4
2026-04-17,2026-04-17 17:19:15.667087,PVT8167,KLAX,KSFO,Learjet 75,17,4,4
2026-04-17,2026-04-17 08:03:15.667087,PVT5005,KTEB,KPBI,Citation XLS,8,4,4
2026-04-17,2026-04-17 07:07:15.667087,PVT8428,KBOS,KJFK,Challenger 350,7,4,4
2026-04-18,2026-04-18 19:19:15.667087,PVT3877,KLAX,KLAS,Citation XLS,19,5,4
2026-04-18,2026-04-18 15:45:15.667087,PVT3248,KLAX,KLAS,Learjet 75,15,5,4
2026-04-18,2026-04-18 13:10:15.667087,PVT9133,KLAX,KLAS,Phenom 300,13,5,4
2026-04-18,2026-04-18 17:33:15.667087,PVT5247,KDAL,KHOU,Gulfstream G450,17,5,4
2026-04-18,2026-04-18 13:08:15.667087,PVT5403,KPDK,KBHM,Learjet 75,13,5,4
2026-04-18,2026-04-18 19:49:15.667087,PVT1480,KLAX,KSFO,Phenom 300,19,5,4
2026-04-18,2026-04-18 19:17:15.667087,PVT9582,KBOS,KJFK,Citation XLS,19,5,4
2026-04-18,2026-04-18 12:45:15.667087,PVT2262,KTEB,KMIA,King Air 350,12,5,4
2026-04-18,2026-04-18 11:32:15.667087,PVT6900,KORD,KDEN,Citation XLS,11,5,4
2026-04-19,2026-04-19 10:54:15.667087,PVT3734,KORD,KDEN,Phenom 300,10,6,4
2026-04-19,2026-04-19 21:16:15.667087,PVT2685,KLAX,KASE,Challenger 350,21,6,4
2026-04-19,2026-04-19 10:14:15.667087,PVT9336,KLAX,KSFO,Citation XLS,10,6,4
2026-04-19,2026-04-19 19:54:15.667087,PVT1201,KLAX,KLAS,Gulfstream G450,19,6,4
2026-04-19,2026-04-19 13:30:15.667087,PVT6963,KLAX,KLAS,King Air 350,13,6,4
2026-04-19,2026-04-19 10:11:15.667087,PVT1579,KLAX,KASE,Challenger 350,10,6,4
2026-04-19,2026-04-19 19:14:15.667087,PVT6272,KBOS,KJFK,Gulfstream G450,19,6,4
2026-04-19,2026-04-19 13:58:15.667087,PVT6241,KBOS,KJFK,Phenom 300,13,6,4
2026-04-19,2026-04-19 14:36:15.667087,PVT7108,KLAX,KSFO,Citation XLS,14,6,4
2026-04-20,2026-04-20 09:43:15.667087,PVT1862,KDAL,KHOU,Gulfstream G450,9,0,4
2026-04-20,2026-04-20 12:51:15.667087,PVT9450,KTEB,KPBI,Citation XLS,12,0,4
2026-04-20,2026-04-20 21:04:15.667087,PVT8620,KBOS,KJFK,Phenom 300,21,0,4
2026-04-20,2026-04-20 10:20:15.667087,PVT2415,KTEB,KMIA,Challenger 350,10,0,4
2026-04-20,2026-04-20 16:00:15.667087,PVT7044,KORD,KDEN,Gulfstream G450,16,0,4
2026-04-20,2026-04-20 11:36:15.667087,PVT5979,KTEB,KMIA,Learjet 75,11,0,4
2026-04-20,2026-04-20 18:29:15.667087,PVT7033,KTEB,KPBI,Challenger 350,18,0,4
2026-04-20,2026-04-20 09:49:15.667087,PVT4201,KORD,KDEN,Learjet 75,9,0,4
2026-04-20,2026-04-20 21:48:15.667087,PVT5016,KDAL,KHOU,Gulfstream G450,21,0,4
2026-04-20,2026-04-20 13:59:15.667087,PVT7718,KLAX,KLAS,Citation XLS,13,0,4
2026-04-20,2026-04-20 10:34:15.667087,PVT6675,KTEB,KPBI,Learjet 75,10,0,4
2026-04-20,2026-04-20 08:21:15.667087,PVT1023,KLAX,KLAS,Learjet 75,8,0,4
2026-04-20,2026-04-20 09:54:15.667087,PVT6038,KBOS,KJFK,Citation XLS,9,0,4
2026-04-21,2026-04-21 07:33:15.667087,PVT4902,KTEB,KPBI,King Air 350,7,1,4
2026-04-21,2026-04-21 17:03:15.667087,PVT3332,KORD,KDEN,Learjet 75,17,1,4
2026-04-21,2026-04-21 16:05:15.667087,PVT1719,KTEB,KMIA,Gulfstream G450,16,1,4
2026-04-21,2026-04-21 13:26:15.667087,PVT7102,KDAL,KHOU,King Air 350,13,1,4
2026-04-21,2026-04-21 18:37:15.667087,PVT2565,KLAX,KSFO,Challenger 350,18,1,4
2026-04-21,2026-04-21 18:40:15.667087,PVT7461,KLAX,KASE,Citation XLS,18,1,4
2026-04-21,2026-04-21 15:27:15.667087,PVT3141,KLAX,KLAS,Gulfstream G450,15,1,4
2026-04-21,2026-04-21 19:16:15.667087,PVT6161,KTEB,KMIA,King Air 350,19,1,4
2026-04-22,2026-04-22 20:20:15.667087,PVT8417,KPDK,KBHM,Phenom 300,20,2,4
2026-04-22,2026-04-22 07:04:15.667087,PVT4321,KTEB,KPBI,Gulfstream G450,7,2,4
2026-04-22,2026-04-22 09:09:15.667087,PVT2731,KLAX,KSFO,Gulfstream G450,9,2,4
2026-04-22,2026-04-22 13:29:15.667087,PVT6145,KORD,KDEN,King Air 350,13,2,4
2026-04-23,2026-04-23 14:34:15.667087,PVT6870,KLAX,KSFO,Gulfstream G450,14,3,4
2026-04-23,2026-04-23 07:19:15.667087,PVT8591,KORD,KDEN,Phenom 300,7,3,4
2026-04-23,2026-04-23 09:05:15.667087,PVT3582,KLAX,KSFO,Learjet 75,9,3,4
2026-04-23,2026-04-23 21:52:15.667087,PVT1660,KTEB,KMIA,Gulfstream G450,21,3,4
2026-04-23,2026-04-23 20:09:15.667087,PVT2494,KPDK,KBHM,Learjet 75,20,3,4
2026-04-23,2026-04-23 06:22:15.667087,PVT7492,KTEB,KPBI,Challenger 350,6,3,4
2026-04-23,2026-04-23 20:43:15.667087,PVT5896,KLAX,KLAS,Phenom 300,20,3,4
2026-04-23,2026-04-23 16:01:15.667087,PVT7625,KLAX,KASE,King Air 350,16,3,4
2026-04-23,2026-04-23 19:47:15.667087,PVT5093,KDAL,KHOU,Citation XLS,19,3,4
2026-04-23,2026-04-23 13:06:15.667087,PVT3290,KORD,KDEN,Citation XLS,13,3,4
2026-04-23,2026-04-23 14:03:15.667087,PVT4641,KLAX,KLAS,Gulfstream G450,14,3,4
2026-04-23,2026-04-23 13:52:15.667087,PVT7563,KTEB,KPBI,Phenom 300,13,3,4
2026-04-23,2026-04-23 16:37:15.667087,PVT5240,KLAX,KSFO,Citation XLS,16,3,4
2026-04-23,2026-04-23 09:04:15.667087,PVT4239,KLAX,KLAS,Learjet 75,9,3,4
2026-04-23,2026-04-23 07:51:15.667087,PVT3110,KORD,KDEN,Citation XLS,7,3,4
2026-04-23,2026-04-23 11:07:15.667087,PVT1699,KPDK,KBHM,King Air 350,11,3,4
2026-04-23,2026-04-23 17:10:15.667087,PVT8096,KLAX,KLAS,Learjet 75,17,3,4
2026-04-23,2026-04-23 10:31:15.667087,PVT1483,KBOS,KJFK,King Air 350,10,3,4
2026-04-23,2026-04-23 17:11:15.667087,PVT6799,KBOS,KJFK,Gulfstream G450,17,3,4
2026-04-23,2026-04-23 21:17:15.667087,PVT5585,KLAX,KASE,King Air 350,21,3,4
2026-04-23,2026-04-23 08:02:15.667087,PVT5026,KLAX,KASE,Learjet 75,8,3,4
2026-04-23,2026-04-23 17:31:15.667087,PVT7750,KTEB,KMIA,Challenger 350,17,3,4
2026-04-24,2026-04-24 10:03:15.667087,PVT2437,KORD,KDEN,Phenom 300,10,4,4
2026-04-24,2026-04-24 17:08:15.667087,PVT7868,KBOS,KJFK,Gulfstream G450,17,4,4
2026-04-24,2026-04-24 18:15:15.667087,PVT9907,KDAL,KHOU,Citation XLS,18,4,4
2026-04-24,2026-04-24 20:50:15.667087,PVT6883,KBOS,KJFK,King Air 350,20,4,4
2026-04-24,2026-04-24 17:50:15.667087,PVT8940,KDAL,KHOU,Phenom 300,17,4,4
2026-04-24,2026-04-24 13:20:15.667087,PVT7363,KDAL,KHOU,Phenom 300,13,4,4
2026-04-24,2026-04-24 16:01:15.667087,PVT6224,KLAX,KASE,Challenger 350,16,4,4
2026-04-24,2026-04-24 19:01:15.667087,PVT5602,KTEB,KPBI,Citation XLS,19,4,4
2026-04-24,2026-04-24 15:33:15.667087,PVT6856,KORD,KDEN,Challenger 350,15,4,4
2026-04-24,2026-04-24 07:10:15.667087,PVT2640,KTEB,KPBI,Gulfstream G450,7,4,4
2026-04-24,2026-04-24 20:17:15.667087,PVT9743,KTEB,KPBI,Learjet 75,20,4,4
2026-04-24,2026-04-24 17:48:15.667087,PVT4594,KLAX,KLAS,Challenger 350,17,4,4
2026-04-24,2026-04-24 17:22:15.667087,PVT3846,KBOS,KJFK,Gulfstream G450,17,4,4
2026-04-24,2026-04-24 10:37:15.667087,PVT6210,KTEB,KPBI,Learjet 75,10,4,4
2026-04-25,2026-04-25 21:58:15.667087,PVT1462,KPDK,KBHM,Learjet 75,21,5,4
2026-04-25,2026-04-25 12:36:15.667087,PVT3328,KPDK,KBHM,Challenger 350,12,5,4
2026-04-25,2026-04-25 19:53:15.667087,PVT9064,KTEB,KPBI,Challenger 350,19,5,4
2026-04-25,2026-04-25 18:11:15.667087,PVT9035,KTEB,KMIA,Citation XLS,18,5,4
2026-04-25,2026-04-25 15:03:15.667087,PVT4811,KLAX,KSFO,Challenger 350,15,5,4
2026-04-25,2026-04-25 17:01:15.667087,PVT9625,KTEB,KPBI,King Air 350,17,5,4
